SSO_LCI,AE,AH,ng_LCI,steel
559.7906056468756,157.0442208100398,673.0973995968244,16384.531722357096,0.012275
6.644836203149647,132.00451908963592,783.5524239741635,320.0576495392985,0.013285882352941175
902.966917718292,198.78801495989325,970.0075370068342,33719.0627988002,0.01568472222222222
1062.8823795137894,198.32582781100538,1008.6403147950406,42020.716154430476,0.01660735294117647
338.27674584010407,89.73380527226108,325.2783113385867,4458.83743729595,0.005535784313725489
361.2925129014125,91.66073843837678,356.31802594867287,4712.427430322177,0.005482038834951456
1223.884556417846,232.0274834478019,1152.8464977601259,53036.71035451359,0.018214516129032257
690.2334665641679,24.95014649844025,485.6045593032798,14826.94458050597,0.008962698412698412
232.0097764092638,29.929238237826265,352.3457026689635,3462.5839329095043,0.0061375
190.2738092451748,47.60510165721189,410.9173880689724,3332.982027954791,0.007192993630573248
279.8515683485979,88.6399263679813,481.4510787756682,5192.874599015513,0.007734931506849316
400.73304843831687,138.7442742316519,485.76822292238217,6623.576717956931,0.006970987654320987
558.7809084642556,105.68486015342872,364.0826856583587,9695.384197140747,0.007285806451612903
558.0751472742037,93.5655915470319,483.93624212916603,10157.851937502757,0.007630405405405405
506.7104019159237,136.5160527618154,506.167449498545,9000.165673920606,0.0074788079470198675
479.8453657022971,170.68563875149175,509.81209112363047,7707.5703607577825,0.006803012048192771
109.28235867008682,147.61701938435823,473.3576407209307,1688.6942837762247,0.006604093567251461
207.16888100526862,104.69670570004503,468.91825594633207,3589.4031158451107,0.007239102564102564
265.61984038717077,123.26163778478944,411.90305419485526,3542.8883930742795,0.0056465
230.88965932790785,179.1244854984948,531.1825063130706,3872.701957759277,0.00714746835443038
88.07789880200814,141.39710149368346,534.4204375099212,1619.0978494847436,0.007734931506849316
72.58595058838625,79.077998922342,478.85224815703293,1426.205680070143,0.007897202797202796
147.1136750840728,94.0167770287735,553.0580694651775,3226.948481602924,0.0090344
223.8611067664925,124.54233677148547,713.7011648131073,6276.851919032607,0.011642268041237113
178.87243224644098,110.40944254688198,542.5092183445406,3798.5330469310434,0.00882265625
239.92467416336467,160.6829898382405,753.5474251832394,6685.698891572191,0.011642268041237113
280.8870521951387,226.97862183129055,812.7603437702633,7836.553600623526,0.011763541666666665
193.6647194488457,223.95559984035472,656.9095456207441,3901.1731714450343,0.0086206106870229
151.05953912522025,215.33980506122012,601.1556780348425,2828.6730297866093,0.00806642857142857
137.42888184803326,235.30850863983585,684.9783068283472,2716.4534110321356,0.00855530303030303
106.50368123928453,164.96243551723927,547.6257197809633,1851.8382834732404,0.0074296052631578945
272.1178320181962,162.4086983953315,533.3704315577753,4776.116988031636,0.0074296052631578945
127.32867316679244,143.00897144803594,516.3034680788322,2179.612888659968,0.007239102564102564
104.58499578351854,105.35550650223892,427.9818644256,1488.7159135135298,0.005975132275132275
98.9115894675514,148.6907339639076,484.09759315617634,1477.5711550513038,0.0064164772727272725
76.27190055881388,156.85168228838495,522.6893616969085,1261.2653819720308,0.00710251572327044
89.08951518241531,130.34500577911007,438.80397235888125,1313.074285869242,0.006273888888888889
131.10470640344553,150.8152712887038,514.0961484646544,2148.616274353457,0.006970987654320987
130.99513756863954,141.94430271078045,504.0670621502085,2155.451762272118,0.006970987654320987
91.91076149909114,95.10899853624464,475.5295347950236,1651.022915977322,0.007381045751633987
210.27568797039157,135.63617012897745,464.36554573220934,3206.0546608986865,0.006453142857142856
162.41153986830147,220.85610003056803,624.9020679283655,2972.425447826618,0.007897202797202796
147.75129064049824,218.64096131247365,623.2597921156843,2659.491880638107,0.007788275862068966
156.5926203417178,209.24855098136143,584.7606853301099,2636.2771873789766,0.007285806451612903
182.38018007212125,181.14369758037122,590.4065340127562,3436.1347248466504,0.008009219858156027
117.34188538562955,156.2228019848392,544.6269104462515,2066.163862260756,0.0074788079470198675
141.2186776186581,172.1873830422394,530.79428157144,2295.1962791194683,0.006970987654320987
146.00752241977435,173.45572335612417,535.5592446951491,2437.5932601519003,0.00714746835443038
174.87101068286384,179.54835932623962,552.0136633023346,3022.7252672496425,0.007381045751633987
159.54321861587593,156.94454120360905,489.68131330187765,2546.7260200714527,0.006803012048192771
157.10347465664222,156.48269055441745,491.07783160579135,2370.9468698708242,0.006453142857142856
166.7976329135713,195.55334730929908,545.8639398770122,2678.117536569396,0.006928220858895705
160.80502250585866,168.89405339287043,529.9728541515714,2588.6310674481188,0.006885975609756097
150.7220752597713,167.08114051722367,521.926908702269,2409.8423270077,0.006844242424242424
141.17897955017318,158.06447614971339,557.4272976918826,2635.4839175058937,0.007897202797202796
150.42976575782163,178.2448999982232,557.8617908583411,2669.9649374329065,0.007579194630872484
177.25946909628405,181.03186083716054,580.8549910079862,3468.0968532360025,0.008303676470588234
230.72182170037135,190.7512536508826,577.5377997983896,3884.2784316977722,0.007192993630573248
239.54185070800986,227.15268434199086,597.8175631272592,3972.7210984268154,0.00714746835443038
140.90120904517804,203.03254178983832,567.3470723396618,2229.8936908991022,0.006885975609756097
171.13031795800416,211.3074908128222,640.5158522171183,3168.8345511250895,0.00795281690140845
169.5945333775186,163.24254533484333,544.1513360222577,2773.626538223454,0.006970987654320987
182.74894407531994,164.5751925355121,549.1033222072435,3175.3993558348243,0.007381045751633987
185.4626090080337,180.44863622208902,576.5135709694259,3298.3148342856402,0.007579194630872484
152.7464266698699,172.4785800467939,561.1923112279438,2641.8443341942548,0.007381045751633987
173.66787407061025,199.77651938907354,562.8910070973906,2715.6056423494947,0.0067622754491017956
168.352325664848,174.16847421744532,508.25010834809535,2465.8312548503477,0.006308938547486034
162.8533412937216,28.23641705286941,385.7214067416418,2645.185505865166,0.006604093567251461
180.8306581897818,26.96962459413488,392.0921957092947,3254.500193048644,0.007333116883116883
174.75696201794702,11.062593892388175,372.4407678892599,3103.57867674062,0.007192993630573248
174.68982526726782,15.566485207658163,371.13671170362954,3098.0406673389916,0.007192993630573248
179.2568795226212,16.078971226215906,404.3195064306798,3258.978326955191,0.007381045751633987
160.44937448431392,23.922902518741893,371.0576016003538,2611.692400062032,0.006604093567251461
167.36374253129375,18.003066050935665,401.58753390823733,2989.6877614048985,0.007239102564102564
117.13618196609383,34.94990053195223,351.0770937551777,1855.4098904897544,0.006380225988700565
108.23262950348325,24.91027921607958,377.32109832605954,1869.3905878766338,0.006885975609756097
121.04756147459025,23.505650524120764,390.2680983232178,2174.0744011326165,0.007192993630573248
146.55307127588864,26.626726828791796,394.2329912651757,2623.5487898613633,0.007239102564102564
111.08882629007203,0.5632283634937958,349.3222566861061,1665.5367396674387,0.005912565445026178
146.31176015279718,34.9032942491792,369.3444559787951,2422.3766393878627,0.006722023809523809
180.69376897086445,42.530025143750684,376.7805186010023,2963.744153535302,0.006722023809523809
164.08947668705528,21.850658085563886,334.26388611354713,2467.0700203394626,0.006104324324324324
150.25898061929541,23.398839993171336,345.9785643804249,2277.51941945101,0.0061375
0.0,24.570848295332993,281.8050997678242,76.66689888057451,0.00559059405940594
0.0,31.17553697078903,300.3750085190196,67.79680867880381,0.005455555555555555
0.0,47.647071510624244,292.4595985178967,50.79741697877718,0.0054033492822966505
40.12507365713721,39.564174615266424,311.7936765420551,579.4229014094319,0.005455555555555555
43.19169544701075,23.547428680526554,333.8626742615003,759.5070702744963,0.00649022988505747
0.06546875687350162,7.348655863900571,348.7267657410835,120.17359193907565,0.007014285714285714
115.53065556344085,5.282580371823949,330.41740619299264,1849.5328576079357,0.006344382022471911
88.39287047214265,20.59884184735026,276.89780813203106,1176.9430749693022,0.005252558139534884
88.7566667367011,60.50343606658648,230.30379106859363,1148.188362844028,0.005277102803738318
90.01860986565895,33.153406079424165,298.2447913557078,1208.0564046238956,0.005352132701421801
79.50831577135922,27.02975945923662,304.3637186911385,1159.107498283846,0.00573248730964467
0.0,40.14442996264574,329.2944630858431,63.515454249258205,0.005703535353535353
0.0,62.55481929657105,377.9918895506811,53.84488251715331,0.006380225988700565
139.15929846436714,64.3243672081008,402.0218324004799,2279.523925822732,0.006722023809523809
147.17977175960166,-1.3310003182232086,284.7956526712335,1907.0160335568498,0.005180275229357798
198.87950170403064,22.66582158727014,285.26966004223675,2494.457213936551,0.005133181818181818
88.70784808547528,21.04451530117441,277.69118549333473,1121.9835409274558,0.004996902654867256
98.36217224619735,2.9782988822428265,260.07662448487645,1254.151613119925,0.004996902654867256
83.62106086262784,4.2306694824076825,248.15879427449053,1014.8945976480072,0.004705416666666667
89.47475769703591,20.19389718586237,239.18552778526092,1157.9670072874746,0.005109954751131221
78.8653012487419,-26.744833382587345,233.3927560898339,1101.735327262831,0.005041517857142857
73.73515899709096,33.86635290294441,298.41261177388617,962.6633488682421,0.0051566210045662095
137.0261081362389,189.33466332420926,464.2942775899608,1653.1995322580685,0.005352132701421801
142.32180313667322,-0.7393142066778762,283.2969293395594,1943.7658815021857,0.005455555555555555
79.48472496434276,184.22965650826757,444.82660359982043,881.6154347252386,0.005133181818181818
137.09117276498355,-84.43848529149615,269.5449243382834,2605.8520935818156,0.006970987654320987
101.3617786213274,65.34335801998076,317.8745298605786,1270.2550439941808,0.0051566210045662095
112.16550498953198,64.21211023799263,361.7924713970227,1559.1590133839202,0.005703535353535353
76.5018717196405,56.67621875622339,326.3425211757237,964.9842153253317,0.005109954751131221
68.75932672832117,62.55336340606517,329.4494428102041,895.6056331731907,0.005277102803738318
86.71488395943608,-109.3089061450085,169.7471796904708,1443.9254813441569,0.005228240740740741
97.48720277540994,-106.74487896408928,165.82297788095457,1565.2410423284957,0.005204147465437788
99.31794836743641,-107.90988140075862,167.6566401642128,1615.5847865933017,0.0053018779342723
99.31794836743641,-111.26826631805037,172.77817716308263,1623.980748886531,0.0053018779342723
136.16462742680247,-113.57707749846469,178.3629813591649,2137.1437662729018,0.005429326923076922
59.49947470473637,63.48333780726453,349.15880770665456,778.6649142975605,0.005277102803738318
63.193333365827755,64.66097509577227,363.20010270132565,827.9675850373781,0.0053018779342723
73.58441220668851,70.1133517425693,369.93199847904214,958.2920429433542,0.00532688679245283
96.70383901487106,83.48326439847554,378.7498803740747,1237.6959700054438,0.00532688679245283
146.10402475917707,96.8375741244666,397.1081485713366,1877.446382160178,0.0054033492822966505
115.2458007547587,115.72450787119288,386.16771736761405,1448.1627854684814,0.005352132701421801
133.7914665929333,103.5699184396397,406.13391906470906,1904.8497039718666,0.005975132275132275
145.5030997669708,98.92508921562478,418.16391398294115,2075.5476490108354,0.005975132275132275
107.50255907178412,97.44579159849197,376.0655035018434,1403.0750561695063,0.005482038834951456
117.57461303848962,105.39255458337551,398.6545712486515,1518.5694529635005,0.005455555555555555
129.2261604423299,131.39136152746002,436.5952220482513,1706.1913647001777,0.0056465
117.49110400194432,93.10734576463197,373.9334904596745,1399.846074587779,0.0050191111111111105
124.15980690278923,112.51150210176824,403.5573948122497,1548.8629024634085,0.0053018779342723
133.56585288027327,152.91139576477764,458.435297333694,1762.5120643171163,0.005703535353535353
121.8225732739054,117.76847236725352,409.44708946299323,1484.2821206284534,0.005204147465437788
124.11032112881442,111.35812033860758,397.1853711598998,1549.364438658743,0.0053018779342723
122.95580651366268,150.39179571002487,435.677646881972,1481.484137622986,0.005252558139534884
103.1005028302363,131.27051138601644,418.07412720586484,1252.4804068158228,0.005252558139534884
139.35666428544434,144.7365627343649,447.787000041,1838.9100335225196,0.005674874371859296
137.89175058823295,139.80313437166282,408.4467468646516,1748.2199000546457,0.005455555555555555
146.53823947027422,157.82865914785566,439.5811571423023,1862.1354149416188,0.005508780487804878
93.81018172404048,93.99828643287015,373.7376695347438,1203.055897678383,0.005377619047619048
115.28954111131473,100.04274288541816,390.6069562256324,1478.9514669208158,0.0054033492822966505
137.89175058823295,127.5455608736335,420.253752381653,1760.1710342152244,0.005455555555555555
137.2288094796357,127.12645901785258,417.34782361752093,1742.9725681117468,0.005429326923076922
109.31238495221159,111.93355908970479,403.55704418783864,1419.9315542323393,0.005508780487804878
148.60964532243534,159.24899710525628,476.61011025989336,2026.1825281206222,0.005881770833333333
136.52177943496454,126.63339038131308,410.115349609042,1725.449018785182,0.0054033492822966505
112.17020945106069,140.73589520221157,409.6274232500369,1356.374353543843,0.005252558139534884
176.39353741473616,125.2839267977877,387.2836262771161,2172.4710048621655,0.005252558139534884
161.8503922845726,120.72396757694565,397.6562840105954,2005.4012533998302,0.005277102803738318
143.0706429829341,141.95252572602251,433.98834007086833,1776.2173101115059,0.005352132701421801
142.83100457902268,144.10830244339328,439.6421717318388,1808.0085114386395,0.005455555555555555
204.46513328531745,144.82895803148324,436.79286156869256,2553.677400608786,0.005352132701421801
134.34307944545938,140.6671992284527,411.49812804525124,1592.7637948535653,0.005133181818181818
90.33233587279368,113.96900836604401,405.9366982468632,1157.2941075784615,0.005455555555555555
137.47784255866605,155.02137945639632,441.75108984438583,1701.174862902597,0.005377619047619048
147.46852711048538,145.71894964838677,411.3667037156545,1791.7771786109492,0.005252558139534884
141.59050802951333,137.7534231837525,411.7417925323284,1651.4756669806536,0.005041517857142857
152.4314102343959,108.87417525602866,409.2243587983728,1956.7655894568456,0.005429326923076922
117.67645332695952,137.72129585907464,429.0951785525681,1488.3682322867858,0.005455555555555555
157.32264079040812,141.4835073879197,425.9523332281184,1918.8130152782073,0.005252558139534884
196.5964558780288,158.08683272897088,434.32141036256917,2323.3321997510216,0.005109954751131221
41.63485593370335,58.26214271352014,253.20363925310588,414.53091562009234,0.004033214285714285
51.0702765311739,65.8188656988446,222.81645577440787,443.16951483041,0.0036429032258064515
57.78139393707886,61.942364333720576,275.7778160250446,579.2882181694604,0.004121532846715328
68.50757849936274,47.73223922282539,295.2420565613378,836.7349854341116,0.004888744588744588
72.55166832940444,84.12237343457912,332.74941102777024,885.9128063456069,0.005086936936936937
100.2470225016481,113.17213930823691,368.27648512233515,1198.0234920690223,0.005109954751131221
97.1600170126882,113.2107632668314,364.3169261098213,1121.5090937320851,0.004953070175438596
126.59806995807588,125.93607177233807,355.2718658775491,1476.3771533340364,0.0050191111111111105
72.49373527841134,63.22931666430599,291.738349563927,836.7847933313999,0.00472510460251046
67.49414198197819,53.77814998804683,260.5281336249543,765.9347500043987,0.004590650406504065
51.988451084581946,92.47550175287213,338.1103128926157,607.3843514674812,0.0049314410480349345
117.6961865652342,83.45315020061669,328.5437664251819,1398.5483388633886,0.0049748898678414095
188.0916634378489,114.02807897945598,499.88502938473937,3230.947935419193,0.007192993630573248
174.1307465849279,164.61334584296503,468.59285132240007,2364.2480797734333,0.005851295336787564
222.33775570672324,222.21324636044386,475.87208616141254,3062.8537886019335,0.006006914893617021
166.408507070989,162.5479846965005,504.4768108237183,2813.2863645416064,0.007192993630573248
163.64948172467044,146.50500001173017,440.0801994391826,2380.066268323568,0.0062049450549450545
235.5344317005155,191.28695380308145,578.0895661548078,4309.608914851875,0.007788275862068966
148.2305712276916,168.33105947813112,456.999315258672,2070.219090233498,0.00603903743315508
172.71911909892782,170.81113212883517,445.0911892267704,2364.8233714307003,0.005912565445026178
203.04549104537278,243.9280871384687,579.6335724797719,3406.131068465505,0.007285806451612903
187.373529660299,210.2950460171219,555.9144991210807,3103.7466479114873,0.00714746835443038
167.44505605870233,160.37947410864362,450.5724676990639,2541.0300585367213,0.00649022988505747
179.45629043185184,194.9991053088592,511.21244019470475,2849.6153029061284,0.006844242424242424
187.29373901178278,220.33488465179374,548.7603646703737,3010.9386425738076,0.006970987654320987
168.57231002932528,213.94105998919974,491.3435825564529,2344.7612987870516,0.006104324324324324
142.61773328384507,168.66334574374093,413.9361550211633,1633.6358737264454,0.005041517857142857
152.30634161111502,148.85939010277744,405.24109001492917,1858.3739665153175,0.005277102803738318
153.07088063209036,148.50945617086296,417.66549429654384,1877.7466276500224,0.0053018779342723
158.41661019238325,153.5457266575341,436.1887289236626,2011.151525370472,0.005482038834951456
209.01647878711086,182.5778907741598,453.3120839693751,2683.197316560333,0.005563054187192117
153.24221560798313,180.6044464502209,426.4999198146128,1897.281750758632,0.005429326923076922
257.4755706779451,190.88848166246234,462.88316950128115,3198.5217090560795,0.005377619047619048
172.09964766636304,179.66227883208816,463.9576784902437,2130.2330519086136,0.0054033492822966505
260.35111844495776,183.5449754944141,450.63000660244364,3258.7712165833477,0.0054033492822966505
198.91465174138108,172.86975307697733,456.7165349731175,2455.796371542948,0.005352132701421801
204.9153488200547,227.7015860262148,511.1096782957274,2517.54946129543,0.005429326923076922
295.5802172934577,232.87468045074226,522.172956017492,3777.6546951654445,0.005563054187192117
153.10387194111482,199.09535202636408,471.3966412197694,1877.4695447153292,0.005429326923076922
207.97153953060447,182.83524368576641,464.912156580884,2587.3991250651006,0.0054033492822966505
153.24221560798313,164.98105783029825,449.95716330470873,1912.5145546630565,0.005429326923076922
164.48704367558602,165.34653640926328,443.30221326172705,2036.00324240116,0.005377619047619048
244.86066238531632,211.64517085055758,490.86267292485945,3032.6208954720464,0.0054033492822966505
189.77558548174747,186.7816982417883,475.51168186085835,2362.2594283259245,0.005429326923076922
153.98608057657225,208.03992542779204,417.74209983020745,1890.1849309477022,0.005455555555555555
157.73604418277043,180.65260636129582,436.1981059223085,2018.4768946169704,0.00559059405940594
157.0125005363151,165.03100098931654,449.4182011714522,2013.3391314588953,0.005563054187192117
156.2108120782831,162.6730999730486,438.8685063365185,2026.5767722198245,0.005618407960199004
170.16547159866738,175.19692231819656,524.2015439255638,2683.3308485439106,0.0067622754491017956
164.90030429189048,164.0848784996392,452.6398407473385,2074.4307042328314,0.005455555555555555
177.18992581336516,201.5976693377209,391.74849245424963,2220.41548753161,0.005508780487804878
161.94469103336638,157.43358114063977,437.22475583860836,2032.068586043595,0.005429326923076922
181.566906046685,194.32873324347997,478.25747154135075,2237.4043440717824,0.0054033492822966505
166.7782392112753,145.3428079583015,432.20649108975425,2117.0321531278005,0.005455555555555555
184.19778078443903,160.12487677117633,448.02918902371704,2340.3433664648005,0.005482038834951456
192.8941800894559,164.880665090019,467.8582911044974,2448.9118927262616,0.005482038834951456
213.15704723710726,133.21826276398636,422.95308810723645,2702.3091194658173,0.0054033492822966505
215.68963467629663,150.55212134561157,464.45397060382476,3004.3725191499707,0.005943684210526315
197.9026681734435,192.98687774334948,412.784617296886,2473.784282831838,0.005455555555555555
197.97039196527598,154.20098594825666,433.28380655073056,2512.4778632066696,0.005455555555555555
202.8673822363507,150.8565023256821,435.42251221817037,2579.177374634767,0.005455555555555555
199.90798045460943,156.61786897083246,431.85792951802966,2561.445775693524,0.005508780487804878
197.97446557681474,174.21655818809847,454.9588203643563,2493.015452355507,0.005455555555555555
232.84736359769852,196.56548263288488,532.0456009269362,3471.5919943157023,0.0064164772727272725
197.97955759123826,157.25146676095258,436.25802534310907,2509.6223816003294,0.005455555555555555
198.17311346377093,206.33503751247238,489.82862250292874,2477.212420260572,0.005482038834951456
197.5513191782224,197.54989646951088,466.90967078983346,2464.7837474423663,0.005455555555555555
199.92289136318706,197.69311397801388,465.36358619835653,2521.5924614788523,0.005508780487804878
195.1517801242138,126.18345673180897,411.5051390349871,2465.7622023907916,0.005377619047619048
206.10731923809396,148.4559149176285,429.3522803175517,2650.497261550618,0.005508780487804878
213.68960610466507,147.82670626087605,432.7829995326223,2736.2440609779073,0.005482038834951456
212.64965114532612,201.37472231666345,481.4380303897072,2656.6476701980205,0.005455555555555555
211.6278038066398,191.4444036136521,420.948024967908,2639.4394426075382,0.005429326923076922
199.42619401621204,130.66703099248744,407.6306612798491,2528.620789170715,0.0054033492822966505
214.71914019559435,170.35167243690123,448.51974149828425,2741.8001696284678,0.005508780487804878
211.1281449951667,185.64013446934848,464.72614533409933,2638.6568354881733,0.005429326923076922
212.64455913090262,184.24711031825623,456.0992851721402,2673.2811267931133,0.005455555555555555
211.37544063411076,202.54883691056804,472.61434190439496,2625.359069201402,0.005429326923076922
210.38424803750095,136.35834660019069,400.34471814718387,2663.6707197781448,0.0054033492822966505
209.6047720062028,187.86527085434497,404.5821589872907,2590.180670036876,0.005377619047619048
211.03751937884775,200.92831716229546,475.60320816474837,2636.198363501473,0.005455555555555555
212.5865101664748,214.90721952727108,489.2326379705996,2642.6355181360814,0.005455555555555555
201.89387435154742,109.71117298901738,386.1291184056178,2580.714695106874,0.0054033492822966505
210.61069162437312,138.10756843183913,419.163510566609,2664.870647055105,0.0054033492822966505
207.4826856321688,165.29816025555826,431.10381469563606,2559.1774794910916,0.00532688679245283
236.03965514111866,122.85153139369827,439.47004929822816,3392.538552340332,0.006071505376344086
199.9679157810972,124.51334861366597,410.50114681849226,2554.374021199842,0.005429326923076922
293.74873606427695,199.00223008947788,619.425207878985,5836.154267503001,0.008427611940298507
279.8405040809824,237.0835000140043,643.3624336120929,5235.140856765787,0.008009219858156027
193.46257387302987,175.94957369236266,461.93691991459286,2471.176320852623,0.005535784313725489
197.3034066221462,111.40174866427421,408.46457225520214,2532.8060824533873,0.005429326923076922
181.10920460475845,113.18380674306968,411.65061930380324,2334.039366193747,0.005455555555555555
167.83316505904352,100.87525481050568,387.45400536041103,2163.129142853825,0.005429326923076922
171.1358952958239,140.52576505674855,430.6860961427696,2212.227499585946,0.005535784313725489
167.23063531579652,151.56826858848405,431.5060761002565,2105.935438216252,0.005429326923076922
156.42576502212808,100.19183426179971,386.2000136121233,2068.8066122638425,0.005563054187192117
197.0125301943718,146.28524990466286,423.13096226732085,2495.044591955849,0.005429326923076922
239.90613722399715,166.73648744287587,447.07670660236977,3012.8370801439364,0.0054033492822966505
221.59547506682958,140.22882797263168,429.78838918566555,2803.7443381937624,0.0054033492822966505
193.46722408031957,167.98733117575935,427.87461627770114,2479.000634873648,0.005535784313725489
194.97690195330944,170.97648568299428,456.8774289998241,2444.7266327896828,0.005429326923076922
197.4043402528032,177.4480098640096,455.3812783212792,2457.0676353982967,0.0054033492822966505
195.95439523663947,159.59428979256975,433.69557596823336,2455.8712744543645,0.0054033492822966505
195.93422208858846,102.74137049711423,393.2381181470361,2511.044036151592,0.0054033492822966505
200.88970014019415,144.28102249990613,421.176840547683,2546.9844933030263,0.005429326923076922
203.35188862693153,141.1410191445884,423.19070633238744,2568.7778669651148,0.0054033492822966505
203.3488626547239,169.45442656175948,454.0050225266733,2541.133469540997,0.0054033492822966505
201.378450418845,118.0131174819484,381.3885384360496,2566.007074791523,0.0054033492822966505
204.32548791076997,157.05115483107195,423.9552077219395,2578.8289463772144,0.005429326923076922
205.88065191655028,179.08330003946116,475.7042734522949,2745.887313911386,0.005761734693877551
203.44023385899388,186.64603212241514,458.43823393119516,2551.7036572103416,0.005455555555555555
199.20778574335915,187.80972070972362,452.87008591488825,2482.860206172319,0.005429326923076922
193.31171997868879,106.16049640516573,386.0979412749315,2437.586954468248,0.00532688679245283
217.72093379581077,142.39927821062906,449.90636748844037,3057.815217026107,0.005975132275132275
196.10800004914114,133.40323135854757,414.3794805114495,2521.4383074312336,0.005482038834951456
203.36096654355444,158.49968206057466,424.0716828627542,2551.9696461991566,0.0054033492822966505
205.33955523895733,179.7222947045272,467.8863215471044,2583.059284744036,0.005455555555555555
206.1659619895222,150.24235698870035,432.9679434965497,2635.9497279831653,0.005482038834951456
204.31940687046804,138.21872719031126,423.8638909307215,2597.112164509085,0.005429326923076922
204.32751492420394,168.0147228804584,447.54136903493145,2568.1656004683527,0.005429326923076922
368.5574579653252,203.5620091391932,472.77148064277367,4674.241196566544,0.005455555555555555
201.11216486457218,84.44765679333261,371.12342200245706,2595.31678203382,0.0054033492822966505
196.08299905546443,115.93690006263242,395.4079462649364,2500.087300117041,0.0054033492822966505
197.92660064123393,147.75690710261833,428.0807451161232,2518.1935401923174,0.005455555555555555
215.7518184051638,150.78653544646653,434.7342473684147,2718.472656062974,0.0054033492822966505
241.9447170732657,181.64141974925576,469.0078184273444,3071.0857585586805,0.005482038834951456
326.50930681800685,200.28827184577477,496.2455963266819,4174.939696283621,0.005508780487804878
365.11717958484746,246.40489453547622,539.0391975951198,4707.410470705017,0.00559059405940594
314.02240489778865,277.30092357075466,570.9945158687954,3977.9582253819462,0.005563054187192117
323.593494697119,303.2131420638212,595.2024528985646,4212.368185551393,0.00573248730964467
224.08293127241822,175.99703288944718,454.1885643471059,2758.723994681878,0.00532688679245283
303.4651464438463,231.61516466065956,507.91412580683846,3746.0794883164363,0.005377619047619048
252.92108384560726,200.69454904577194,479.895501735249,3130.802035335656,0.005377619047619048
291.25587693034817,215.71743447610683,496.97229260146594,3623.9312296795197,0.0054033492822966505
284.70111679988554,218.3896001774306,492.09058491432074,3537.224030568528,0.0054033492822966505
210.37037661930697,160.6783581953307,429.76284489527126,2600.208434881845,0.00532688679245283
235.62995567754274,177.9961807061489,450.0609277095241,2917.4141191513254,0.005352132701421801
311.18168343228524,223.57000294383633,505.5530091046673,4077.4594950895043,0.005674874371859296
323.7173116822659,236.08891521191248,507.76078696191956,3980.2788298718733,0.005352132701421801
326.12667632256,274.11283683516734,537.86409008883,4014.4107584571398,0.0054033492822966505
258.622951263032,123.52910255986839,395.99573399711096,3413.473967456437,0.00559059405940594
309.34230881048893,88.34561661397784,350.9977535176216,3941.636158089716,0.005352132701421801
310.8038230997435,101.86908269484415,367.5733508961494,3966.2935339522182,0.005377619047619048
255.0619688114341,106.85313562092858,368.8476869962771,3217.9957696198617,0.00532688679245283
269.89797232329454,11.008630582885006,278.772521465134,3515.7403397862768,0.005352132701421801
316.4832983094357,96.90604671148591,360.0057030670756,3985.37318460203,0.0053018779342723
316.7785853169273,16.984007755938748,288.8362866459653,4105.721611300422,0.005352132701421801
0.8978656966431268,11.722956544318704,278.4095461682559,96.31260162830989,0.005352132701421801
0.7778676925828629,11.900129560147688,271.16618809375734,94.61479932728933,0.005352132701421801
386.8106493087936,66.86640195765288,333.4457371773879,4970.994293717435,0.005377619047619048
253.8245526904616,41.66054273681698,307.80553636060995,3297.397084195621,0.005377619047619048
164.60864607883192,15.103215984838629,287.3639134867929,2142.944803514528,0.005277102803738318
204.37274983248744,0.6020139210173274,262.0895061305066,2680.418380288892,0.00532688679245283
227.18491200050968,-7.751017353583866,264.4897579989605,2988.9358626357175,0.00532688679245283
187.04461514176103,-0.6992880010500294,260.8207367564909,2463.568517478391,0.00532688679245283
196.13587543366557,-8.316233695337239,255.31498909711567,2585.509275071188,0.0053018779342723
261.94824338711,-14.095401204392624,268.9724935451555,3578.2185101860346,0.005535784313725489
273.88963449685895,0.8933015494813222,267.645740248854,3559.459349046613,0.00532688679245283
296.990286389057,45.1053436767574,311.1642172770518,3845.245499363147,0.005377619047619048
322.9261873530013,32.132317844885804,288.6137695118023,4149.268827093624,0.00532688679245283
298.08049115892726,50.18664356486133,318.03052723183686,3835.7143430386614,0.005352132701421801
175.07868195464795,153.45905616520693,421.2162665595808,2139.2465086439406,0.005277102803738318
172.47754116222788,185.28247636502354,430.6115691380736,2014.0893590946896,0.005133181818181818
174.5720572727274,163.38958410319282,429.24295294707974,2144.749009911853,0.00532688679245283
177.3118824373572,159.67838070967352,419.96797026893756,2161.166610194227,0.005277102803738318
177.99439069450162,165.6951607305875,427.07508923569964,2174.770067814702,0.0053018779342723
178.99060234894924,164.77059026849716,427.42609674989444,2199.2930805830356,0.00532688679245283
177.9963701254606,183.48528846788568,437.0739967729897,2157.449613711786,0.0053018779342723
178.9891107730261,172.13969469887144,436.7198650417474,2192.089336692975,0.00532688679245283
169.8666324272942,180.38904370441932,435.2729686970855,2068.6552185693295,0.00532688679245283
142.49725530689346,142.73691318908652,400.4928167361215,1750.2560916131335,0.0053018779342723
183.88825634328762,154.86253215379247,413.8603855098388,2226.054366311504,0.005228240740740741
141.85305227619267,139.87802278561523,402.75180349912307,1736.1419990565319,0.005277102803738318
143.86992031803425,152.91474373977616,422.4281973394827,1775.6871896896107,0.005352132701421801
211.42606387382034,53.51052154928885,316.45430758756254,2692.1606157994624,0.005277102803738318
160.4328792263223,-18.368904951626877,254.9590922021162,2161.1509597985914,0.0053018779342723
216.32822804817687,-24.63974546752287,260.67659692129814,2893.830566172967,0.00532688679245283
226.96488364190827,8.999195892041424,276.1895383809598,2930.274075203022,0.005277102803738318
178.16165261053644,-8.795695442311708,250.64953274720088,2360.4178653930703,0.0053018779342723
179.01098721989837,-16.499018525702404,262.28713127285897,2401.449802371828,0.00532688679245283
178.06762963998435,-16.443324277592634,264.1830003658753,2378.3532165361526,0.0053018779342723
177.33798733933855,-15.499361951688519,254.39262668946543,2355.9285533756574,0.005277102803738318
177.33798733933855,-3.8446984623354816,267.84510579772694,2326.7918946522746,0.005277102803738318
296.48510733073704,10.336638161385652,278.7490155906888,3818.007143021553,0.0053018779342723
211.40602750191866,49.90617690957122,322.8144138777747,2721.311347547956,0.00532688679245283
213.77854357116357,43.58482953108865,309.0670116028419,2744.3393722264796,0.0053018779342723
204.892812637678,-9.056538122771498,252.67241788781246,2710.2250077307285,0.00532688679245283
192.77440808076892,-27.22316788093547,250.02626690317283,2566.9925715565428,0.005252558139534884
329.15689349595715,25.99174236972806,284.9055105830982,4254.25539894235,0.005352132701421801
286.4322964342788,39.62203335189571,295.9162421311369,3680.352030913488,0.00532688679245283
287.7897954695123,-25.43610503166402,247.4766766780526,3817.4517905215585,0.005352132701421801
287.7897954695123,-20.99070965049743,251.81093717469003,3806.3383020686424,0.005352132701421801
281.75869187520533,-25.657476507813016,231.21427428180192,3724.010383972623,0.00532688679245283
232.42520440936545,-20.897149704330737,245.79680922735176,3045.7254938419437,0.005252558139534884
266.9044910795567,-23.38399883197895,246.92088980881198,3514.1342927535666,0.0053018779342723
248.00785342953716,-19.46190551965108,241.2994732084487,3266.4260699445404,0.0053018779342723
237.46236730270192,-18.016122680117043,241.82793147216253,3144.5990303434032,0.00532688679245283
244.85708495088386,-9.646847855442557,238.16241476881066,3187.37024381672,0.005277102803738318
255.67221010275514,28.56131382279452,281.82514034741115,3286.415972526195,0.0053018779342723
241.79049778605201,-22.1546690314059,239.54697346217162,3180.2127943303863,0.005277102803738318
240.95317074136616,-22.756267801607752,238.9604146612248,3171.2243556432013,0.005277102803738318
242.2828442383918,2.913684777038274,264.16516903437446,3142.8543181504556,0.0053018779342723
264.8265834303547,-9.193727624211117,248.16246079654167,3452.4983818469914,0.0053018779342723
373.3958972423812,-3.5664768801490343,247.3520585520802,4805.285290537588,0.0053018779342723
243.42519065131555,51.96994270129041,307.95545374679676,3124.3122881260383,0.00532688679245283
242.28234938065208,-13.628981342738149,251.18455542755342,3179.7613840546765,0.0053018779342723
243.42519065131555,-17.847555551848753,244.10117589446216,3219.601871139418,0.00532688679245283
248.3522196965556,-31.190931961893373,230.74666125016816,3377.5385936277644,0.005429326923076922
239.28657431087672,-16.37054862170074,245.56173232584416,3254.510128146005,0.005482038834951456
239.8509499541712,-26.02806786080893,242.65659755481744,3286.000688900823,0.005482038834951456
241.38175520025752,-28.66543464004909,233.73364921711743,3235.723792700819,0.005352132701421801
217.81956608038857,-30.658225535921407,235.3643976727786,2968.665640086805,0.0054033492822966505
214.55937198551607,-2.2015368405450473,270.8332804195863,2869.396341680822,0.005429326923076922
204.3229541439775,-20.1432420940339,243.6676059488045,2782.279261398481,0.005429326923076922
225.87720149407656,-13.357052856645218,253.50831107146857,3043.1983982485153,0.005429326923076922
183.61498490256014,-7.470195463469343,251.5552390683314,2471.828532016127,0.0054033492822966505
183.1826728780054,4.985331490003555,266.2002346561338,2466.393869651466,0.005455555555555555
174.1280503582957,2.320956944331982,269.21173899197925,2363.119423934505,0.005482038834951456
175.530494008296,0.0670783086060189,254.04326072107736,2305.237729303747,0.0053018779342723
143.1912886184209,-10.965114275136955,250.81155613925617,1934.5286340258729,0.00532688679245283
139.44537291625193,-8.431762347519555,266.6614311691023,1907.5075869765474,0.0054033492822966505
145.2673434437629,-12.071914039995159,270.5993525148745,1991.3076363395066,0.0054033492822966505
158.79836411193446,-27.83820140028144,245.72652816467803,2164.246146805849,0.0053018779342723
130.36541776842307,-20.670603724238955,255.61821257965576,1780.2495359979375,0.005277102803738318
93.43647415639619,-21.99645862373136,265.2012468291237,1351.09521931805,0.0054033492822966505
104.88785910235289,-21.293039294163233,263.25704737926117,1510.207736909794,0.005455555555555555
106.89809597780086,-12.622728937049667,258.2419349818095,1466.0639109319388,0.005277102803738318
0.0,-94.02232524327364,177.83273748016995,330.0368511719312,0.005277102803738318
39.08921534699455,-94.38264706696376,169.27325894549503,792.1691344723848,0.0050191111111111105
65.63574002992189,-91.90782326060985,173.6732565660877,1102.3701624346838,0.0050191111111111105
63.72184585025137,-93.72327759696901,177.07039112596837,1087.8922380172992,0.005041517857142857
95.32638777264854,-82.87846322494394,163.97758906088202,1455.8556824340071,0.005109954751131221
108.34982984980881,-91.29864271505475,173.97499518485722,1634.9321054731813,0.005109954751131221
115.0132950651917,-81.25972234296337,195.11937951312058,1697.4505943351598,0.005133181818181818
115.53606342853583,-56.30142973807046,222.74792759244357,1648.2793380035805,0.0051566210045662095
109.69719760297578,-94.16535765247488,175.22596614905774,1658.4478043173817,0.005109954751131221
86.81678892620957,-100.67433362558202,163.79100027110712,1366.8151892253989,0.0049748898678414095
93.31984092366139,-93.41537383024513,156.09695549509166,1425.4899184112528,0.0049748898678414095
96.29145091604907,-103.48841793757599,194.89744890982467,1665.4971761322395,0.005703535353535353
89.76883569844013,-94.257169848269,176.13836604475887,1472.8495120027833,0.005352132701421801
81.64320832918477,-90.5893809373641,150.63457350931617,1257.7702578929316,0.004867672413793103
83.8573663815376,-101.33217309773413,162.33041865939413,1338.2789211960537,0.004996902654867256
87.67700739437674,-89.5344455037399,186.3867846385,1417.4862568488777,0.005277102803738318
90.89871826260446,-82.12594013396753,217.59778602071938,1573.6075435631815,0.005851295336787564
113.75709400197869,-85.46850652114053,184.0205381098317,1848.7348198988443,0.005674874371859296
104.22759025747494,-97.05201057549037,179.97979245970765,1764.5755737188972,0.00573248730964467
116.14036230920532,-66.75549663562367,189.50345573433475,1702.8546385388108,0.005228240740740741
101.50269770594913,-93.04738134802493,179.03441140858337,1638.9462640325105,0.005429326923076922
147.56657799287265,-72.09254152763705,187.15444756461525,2151.991363559491,0.005352132701421801
144.35424432227953,-104.92364342081609,167.01493100984368,2202.4383887077674,0.005377619047619048
140.51275892909297,-84.53251638498409,176.31053733161994,2049.8766547605132,0.005228240740740741
141.85305227619267,-87.64018838290337,168.38645437296339,2091.623542229765,0.005277102803738318
142.4114136961784,-62.86141921482536,185.68064684405732,1913.560720885973,0.0049314410480349345
132.8852092639899,-110.28056808796013,176.46665794204668,2197.495888009026,0.005761734693877551
136.9927708362272,-41.51644927731892,202.81887626806468,1906.9845065203867,0.005252558139534884
107.6917816484374,-80.47367514467614,178.8229263469794,1659.2637596024283,0.00532688679245283
100.04546627460859,-80.48705263359072,159.8298600451455,1562.5783111988078,0.00532688679245283
130.80772811279934,-79.02773070105573,137.00044699862985,1948.044467230603,0.00532688679245283
136.299498894733,-104.8314205853774,171.00797122142737,2048.3169552701415,0.005228240740740741
122.68378309214557,-94.19638198902054,175.997462928815,1845.2398495683308,0.005204147465437788
102.91445240020869,-88.71651456612955,166.64541209799225,1574.7682474497374,0.0051566210045662095
95.47948690495531,-82.04897318131177,171.86687340274744,1455.6396566494252,0.005109954751131221
97.72764206476634,-64.28421402002853,189.7095804273451,1462.060640057222,0.005204147465437788
90.9431739230361,-77.35199365543197,170.99841811880768,1422.21580906179,0.005252558139534884
89.1773235645191,-87.54550038350492,168.6209964962692,1437.0064150638373,0.0053018779342723
93.56869114704341,-88.01374696684023,177.60991365740026,1493.4630297695255,0.0053018779342723
102.86449302532259,-95.75464151665956,153.44632424055186,1579.5132241872886,0.005109954751131221
128.32597434367332,-98.92719721239602,162.05010138125124,1974.5485333197742,0.005352132701421801
140.00086296244442,-98.0173257584162,158.21323575969447,2156.8940162725194,0.005455555555555555
143.7947431912341,-86.06883912060361,185.648832985248,2205.009290186856,0.005535784313725489
140.79419880962485,-115.92803371339527,188.26657485874992,2211.9481492626082,0.005455555555555555
141.73891437021456,-103.32874897288919,166.86063089686732,2183.388528007314,0.005429326923076922
142.39867772335802,-112.28879325835885,178.08522975351767,2233.0670788806474,0.005482038834951456
142.68231775785665,-101.34737040257876,166.84551207042603,2199.956351309441,0.005455555555555555
139.71236253336514,-96.5262112842888,171.48198881828998,2196.6593440960405,0.00559059405940594
130.90285580199856,-33.22910864749034,257.976407761594,1997.2780539011146,0.005821134020618557
116.7270510377097,-79.70382186080107,211.44822132193715,1857.6769763013504,0.005618407960199004
136.10706224233536,-110.73893041386673,173.9353506821989,2174.933315896282,0.005563054187192117
371.1677812361754,-297.4566959003005,500.9762460074065,13764.81723603954,0.014478205128205128
218.57175865500238,-179.40546797918685,292.9593116307748,5149.6708796501725,0.008754263565891473
134.84532126934914,-105.0583949846009,171.76551079272514,2144.064528284934,0.005563054187192117
151.01670992955223,-83.5479898554237,225.14817716071494,2532.8768409402196,0.00617103825136612
146.92523497622273,-97.79500154417835,182.6878039138667,2305.788661961034,0.005618407960199004
148.89744539901326,-107.3269978576258,177.60680342370156,2387.561050540002,0.005703535353535353
145.34425232851834,-95.74871379303804,170.93169889777442,2259.4799629817735,0.005563054187192117
143.81314238538843,-84.96627865542884,187.58977598019155,2192.7870460820895,0.005508780487804878
181.0759717223886,-108.06241098036105,175.16306591498596,2750.0597191249153,0.005535784313725489
211.51763362944607,-97.24694072576195,183.78645694252623,3137.368071557292,0.005563054187192117
229.92118543181707,-108.09202643045434,199.44095067198464,3486.8157777589886,0.005703535353535353
214.04532137866178,-99.70895382166685,175.50561521369573,3220.828178176622,0.0056465
178.26697563355347,-93.77944799510223,177.68415967173215,2653.7094566645246,0.005482038834951456
156.77093195218663,-95.29842423678612,177.85382032577866,2307.371942254177,0.0053018779342723
146.29781773235192,-94.0669006043193,172.18910753390776,2145.5332095522513,0.005228240740740741
154.29178575416043,-113.16889438455732,233.88834337606764,2945.9634598383545,0.006928220858895705
263.19768343644233,-140.35072927530456,243.33235197907854,5290.457961881273,0.007682312925170068
163.33409255987416,191.91410920996378,456.45770294867015,2048.6087367521463,0.005508780487804878
163.6159934186941,90.57081734084926,360.06409113376475,2162.083505273897,0.005535784313725489
169.45851987714812,-82.1606758160652,190.09762029414384,2509.998410948503,0.005482038834951456
163.94677515405792,-32.642803679772776,245.9736498619834,2314.454567106668,0.005482038834951456
122.2302418258907,148.1867129027543,422.0203131319157,1537.1570425991877,0.005455555555555555
108.44157596850975,148.65045577310016,426.792124190063,1358.0779899267666,0.005455555555555555
95.28013591931784,135.8299647865242,381.30418664683174,1226.3329057077985,0.005563054187192117
91.73365824213937,60.54338475124766,314.96975938639673,1227.5376870460652,0.005455555555555555
122.86043299153472,-105.0461828010487,167.78425098378494,1960.6213577606109,0.005482038834951456
119.7377298628154,-98.16930618806202,156.56860058837086,1871.2106756219043,0.005377619047619048
123.36838257702843,-102.03020340257154,167.9158818944907,1935.2254425195322,0.0054033492822966505
128.09180511490172,-96.474697246809,176.31714160596357,1973.6519545155343,0.005377619047619048
107.84147385577444,-105.57718462407028,195.11890640117187,1927.9982558039083,0.006071505376344086
134.57147816962555,-93.323139448028,150.92579093572326,1973.9180061077457,0.0051566210045662095
132.53664875285784,-90.58693645037413,162.12812606204136,1965.990552843991,0.005228240740740741
137.71567158480372,-94.73780004569254,164.60005631095748,2057.522595418149,0.005277102803738318
123.91857336355018,-94.40949349652983,179.24018080354148,1947.8039818925815,0.005482038834951456
144.06971284677672,-93.72341085596494,176.8706696841105,2218.0360760316303,0.005508780487804878
140.41261052303452,-90.73214932404008,160.62636430140324,2116.6267543315553,0.005377619047619048
132.23498547413263,-92.23228055967859,164.63388081613542,2024.4949199399034,0.0054033492822966505
102.55317048918064,-88.49604851907799,173.97597370738927,1647.9702600840121,0.005455555555555555
91.06357852101378,-83.54308591314506,163.58245806664752,1480.600888100217,0.005429326923076922
92.94667400117008,-88.47818701054673,170.5926934227844,1517.2161414444188,0.005429326923076922
109.4597963092954,-88.04026452380916,167.22771875784863,1700.5440005513813,0.00532688679245283
124.0947999509867,-95.17415554774217,163.5904307857368,1911.3917935714956,0.005352132701421801
159.9335534232139,-97.32893094210334,162.12416702526954,2413.393426313193,0.005455555555555555
175.13801472170584,-99.18225927078238,162.30567004652804,2603.6147444384774,0.005429326923076922
176.85987407502228,-87.43689468626049,163.2501519386908,2619.536122071585,0.005482038834951456
163.94839381284376,-83.18221394394708,167.15847885282562,2419.3542730040567,0.005429326923076922
160.80797897911114,-87.23833271815907,172.28910886567948,2420.776721041268,0.005508780487804878
169.42065605339127,-105.8620433603861,165.90362919058035,2568.7589373010355,0.005482038834951456
162.37342850576294,-87.60494268255432,187.0941284590379,2389.2385525529776,0.005377619047619048
153.32081408807576,-80.57588064126253,149.54310418826927,2402.8272324866048,0.005761734693877551
149.66470833597668,-100.37190411046724,173.50241358166846,2348.7791182729334,0.005618407960199004
150.92746711283112,-100.00589945709639,173.85926811870502,2364.710979792262,0.005618407960199004
161.40514559160383,-103.12145077920466,157.55637562398573,2446.9386407754164,0.005455555555555555
148.76323133541987,-113.05615203510884,172.48576148520715,2337.788982196208,0.005535784313725489
146.54970271250076,-100.94502054519263,166.15788774148749,2249.05097266377,0.005455555555555555
133.237194849725,-109.40909159766565,168.11983816262733,2115.550057495722,0.005508780487804878
123.62984595391617,-100.31330327642583,155.46927853288858,1984.0466964528684,0.005563054187192117
114.30023204337454,-100.0348954198746,172.25864462090016,1860.1075803842994,0.005563054187192117
113.19539121354319,-104.99258475061221,163.70232273627104,1842.3418599343795,0.005508780487804878
113.74407030585077,-106.22630660164627,169.2826918391318,1860.383034857131,0.005535784313725489
116.336749608837,-105.19945524884515,180.0438422099106,1984.7357733593374,0.005851295336787564
127.46734870742884,45.841767470475766,331.7944192003527,1730.5157882312462,0.005535784313725489
140.12007690012638,81.45488749833615,355.23214228696287,1891.0928284610927,0.005618407960199004
154.2070740025519,86.33224765256548,363.60206153278915,2085.068838294525,0.0056465
149.5214976485488,52.98374055953203,333.5649548812627,2023.6299481253147,0.005563054187192117
164.81915031201606,79.80806673474399,379.10927279568574,2434.719544610799,0.0061375
153.9074464330232,106.25606955047354,386.1483049601905,2094.5986716047573,0.00573248730964467
162.1451187614275,141.9488778217558,420.517958386941,2295.4782631030293,0.00603903743315508
159.54278760725092,135.1011082381084,416.2322118777215,2131.6947908332663,0.005703535353535353
164.43081052851835,142.23385592027546,413.97664998683786,2133.561345600191,0.005563054187192117
166.04963274744543,152.5321012370954,422.30812223889757,2167.7271338993396,0.005618407960199004
173.6781011556271,105.7066357687934,381.1019002940141,2315.1558264157916,0.005618407960199004
165.94537104046623,141.32691363798284,403.6573890204382,2121.07054869536,0.005482038834951456
173.65856075273655,161.0356162232262,447.7371250614751,2498.7814184056706,0.00617103825136612
145.76709681686754,98.32630669211119,349.5029041666658,1881.1311901549507,0.005429326923076922
128.51722021085578,96.28998613073666,349.1977700453708,1758.6984313626483,0.00573248730964467
136.76520541701527,91.4259544927208,365.80181065172735,1827.0791826041018,0.00559059405940594
146.6764938716458,93.07870189518994,358.57076344053047,1907.5792180265075,0.005455555555555555
156.35030287340078,87.66379869116541,339.6970031615207,2069.4094204700173,0.005535784313725489
162.80329679553134,96.3072078372401,342.89488216050125,2167.982841219187,0.00559059405940594
169.4661949765583,106.84507682619568,358.1008629025887,2200.522682146368,0.005482038834951456
172.5037871658842,116.51173659033546,369.85497524118244,2242.0748696138176,0.005508780487804878
197.4409963388958,136.86213782267438,374.43029963880457,2548.436982395711,0.005508780487804878
224.56471029558227,172.92946601763242,416.7383999907172,2943.9938460658927,0.0056465
234.38962351297957,175.36644221669337,479.793564374357,3173.690714977491,0.005821134020618557
219.25698606725982,178.69190625169531,446.162902768116,2961.274308862585,0.005821134020618557
221.2599787184504,202.30327913650478,462.7733320687108,2917.7696687514613,0.00573248730964467
204.99783757152017,188.64271363739005,452.4023068903147,2680.643062373641,0.005674874371859296
210.43486267076437,179.36936723223457,435.8738340319513,2792.77644570988,0.00573248730964467
213.21711867353062,195.42978265010117,450.39800558184726,2814.990202459334,0.00573248730964467
183.7053317870455,141.69335374920882,424.42227761142146,2478.9472495261084,0.005761734693877551
181.31737541259892,124.65022453385836,387.97856018064493,2436.7877618062294,0.005703535353535353
180.67855905765143,114.24907811276543,383.48245494677707,2438.277092870622,0.005703535353535353
172.62549103003377,96.52861017557562,361.2486777095764,2322.082072245306,0.0056465
195.20463691261574,120.76797582420623,397.463489443802,2670.9069484352585,0.005791282051282051
225.4303855179662,169.95665820559395,431.3027865709257,2927.566589689832,0.00559059405940594
227.67414890328922,190.5362339616697,456.2592483418765,2968.518693346644,0.0056465
216.82097844090868,166.86312058571284,419.23316899865335,2702.8054923673863,0.005377619047619048
224.12919486195366,157.03662831113746,433.3729464661551,2938.1934380919743,0.005618407960199004
215.07749291683373,190.54491462702595,465.49024411436704,2814.6158746056776,0.005674874371859296
221.11808420827788,197.8180514225157,475.7222890256931,2936.0943484106597,0.005761734693877551
189.60322411418036,167.56202642887692,421.22149844802954,2454.285856999174,0.00559059405940594
226.54144169481512,169.80053085278323,436.9205376708376,2957.931198106675,0.005618407960199004
245.1963755263467,181.09646417745043,423.3511150520357,3179.1042752222324,0.00559059405940594
227.62091953051322,140.4526076396565,423.0756874019198,3016.636527985413,0.0056465
241.591764325929,168.74655235435426,439.22936379990267,3159.7500478586267,0.005618407960199004
226.6738798250576,192.63292916175445,464.9641801261134,3017.162367215624,0.005761734693877551
211.39203616997654,206.7792648649654,479.0720773445266,2749.124353479217,0.005674874371859296
207.18167461769607,169.9825101187137,433.0852793336896,2728.264853823055,0.005674874371859296
209.80778766036894,172.398353277518,452.2906633022597,2761.2973488210127,0.005674874371859296
216.8621006141248,166.18738206390253,432.3366340713028,2908.7053167898207,0.005761734693877551
151.78276593552613,154.74681432041035,423.599989152221,1985.8594405865176,0.0056465
149.53967087243956,149.63937400173666,430.0065866111288,1929.630771657575,0.005563054187192117
151.78276593552613,150.43005814786304,424.97971428541814,1990.0682778547512,0.0056465
165.33300956112345,141.138393653344,429.7644831145291,2157.8550732303456,0.00559059405940594
178.4285467096035,136.25801582819366,423.4568103068882,2361.153446173725,0.0056465
186.9916060670807,147.379315593843,421.7327631234375,2452.144737507531,0.005618407960199004
189.79486237950448,127.20187570716915,419.09792361003383,2522.3830838844015,0.0056465
186.00829158765458,141.55854429164012,414.1603111079865,2406.7200840779146,0.005535784313725489
189.67729009000655,135.6342431471045,399.1921930396824,2435.5512730463884,0.005482038834951456
178.26697563355347,120.39459991202868,393.0148028682886,2301.8761017625407,0.005482038834951456
196.47851200739976,144.53596881903303,418.42359918684303,2554.663132061228,0.005563054187192117
201.8785556777934,149.89915720093038,437.9682371633506,2620.767961659292,0.005563054187192117
174.2970078178154,164.68562688325807,436.52046698995844,2173.028848089227,0.0054033492822966505
177.64805062518278,164.17449144341876,438.1351852285222,2262.895818861013,0.005508780487804878
176.80359001268104,134.10426689641483,411.8075169173182,2269.459547079096,0.005482038834951456
168.0613014269215,108.637798560765,384.52407774689004,2214.275856947515,0.005563054187192117
175.38724838325018,137.4189389326897,391.32994872525705,2259.4089174813425,0.005508780487804878
175.0028010020517,137.62938804129257,399.3714182708962,2265.8824353922805,0.005535784313725489
180.7380566593377,141.720760476832,406.6478960434475,2337.284013649316,0.005535784313725489
194.5005109365901,127.42373704292486,396.7153154279036,2571.780154449455,0.005618407960199004
215.11762137310123,137.95947854197905,404.94238924766427,2778.595092889154,0.005508780487804878
207.45462000244314,199.80949984310968,416.15436928054567,2645.764527879894,0.005563054187192117
190.98246331852778,180.33094235351402,443.1970268239123,2434.303117161866,0.005535784313725489
204.96308900031258,162.46914840312954,438.3888627746318,2663.157877084431,0.00559059405940594
219.64272422429335,155.03504649571394,422.91671455975785,2835.709397021938,0.005535784313725489
222.89786932707733,148.0149975320315,423.7427426652685,2885.34324189708,0.005535784313725489
214.88300867147083,180.31449528734234,453.3449009568891,2706.1136858829223,0.005455555555555555
206.15317015717193,122.93431146086503,383.554286402047,2662.4085546335245,0.005482038834951456
190.03546139581448,115.46329027886019,380.61067174099486,2459.880448792775,0.005482038834951456
199.68487322166658,131.73768378046987,390.8636935792284,2556.5900331197445,0.005455555555555555
213.103976339927,149.47604938433818,430.540885914951,2699.3899010192868,0.005429326923076922
261.7582420372671,158.5433136279665,443.23169171553553,3351.5290687530114,0.005482038834951456
270.4919377659524,153.5920145937703,437.4801794511036,3541.7267140494114,0.00559059405940594
233.51245434647566,136.76026012517232,431.03967385210444,2974.900761556633,0.005429326923076922
224.21779580224256,126.78074363209423,405.7522394824563,2893.814634678245,0.005482038834951456
238.33682710608684,158.1924015411462,435.01560587401787,3031.5179933366026,0.005455555555555555
218.8120849644965,107.58691786491077,368.014249846894,2799.857494428101,0.0054033492822966505
332.43286724555605,168.654794994092,426.302491929138,4177.370675907549,0.005377619047619048
187.10769082970194,104.7919101719863,366.64492465440975,2348.884447242671,0.0053018779342723
206.6723864283814,144.48848069195233,399.0521091914547,2556.493929334502,0.0053018779342723
219.2852337230783,163.37812742935927,419.9166791255146,2723.941108078556,0.005352132701421801
236.51344773546532,135.10989953971114,400.4130367353893,3015.19967974676,0.005429326923076922
279.883769045313,155.16825720682147,415.4756370261049,3537.0551337019924,0.0054033492822966505
297.33683755136013,174.33221795128134,443.9230498275364,3838.1936740552637,0.005535784313725489
278.19676995396964,161.34485074373782,426.4303509421012,3562.786186459488,0.005482038834951456
257.8638965965467,175.01576641528223,437.58917822615575,3284.7737667388765,0.005482038834951456
243.2585436001415,139.11614170906932,406.29998584347925,3161.6632839313806,0.005535784313725489
239.3673203895647,147.85449628938994,420.5579689085828,3117.9836544253367,0.005563054187192117
222.12112088125775,131.14924216227297,403.7546647788467,2876.847884349227,0.005508780487804878
233.36137510251973,152.8957826649732,408.6007737647918,3002.6788272731487,0.005508780487804878
229.3565504688118,127.01634763097853,377.6210673143543,2945.5785896229,0.005455555555555555
226.55035652006703,122.64744108816785,399.84348892375976,3004.0243961934534,0.005618407960199004
222.08769987927332,161.54562526026393,430.2288298185783,2921.8812609190572,0.0056465
288.9211300757382,202.3610942287999,449.9050874177501,3778.1908134067676,0.0056465
325.7776439591781,220.74084248990818,457.30248788963667,4145.4275545052105,0.005508780487804878
248.1467828934873,186.12662802950635,466.1843030782759,3230.257096338412,0.005618407960199004
252.0164006609077,208.1808234462156,503.4366470230041,3539.68301159031,0.006071505376344086
252.60972710928917,205.7996619073399,497.509490392645,3550.558771831438,0.006071505376344086
224.04224758297704,192.2113436302709,445.33970933631826,2798.7428627748363,0.005429326923076922
266.23684350072983,176.00407552339502,439.85496890398645,3410.192403095902,0.005508780487804878
231.46092952715279,181.33843759553406,456.508395367648,2980.894323378425,0.005563054187192117
228.21075464144513,189.72291839438415,463.8434642533926,3008.440707369324,0.005703535353535353
253.0200846462311,157.58704009343415,427.84480999380935,3288.845825455071,0.005563054187192117
185.3974722802958,159.4585360196623,336.9620199131596,2406.3542387484486,0.00559059405940594
298.5121582842834,184.58659711323273,437.74103050976794,3747.3866074264024,0.0054033492822966505
309.8923597922443,220.739780196296,475.4809067048789,3897.508914037895,0.005455555555555555
207.81172824156397,220.13701294179796,389.5798888804332,2575.68099214134,0.005455555555555555
196.57114801912527,175.2823142504056,423.4602879972662,2461.082006688285,0.005429326923076922
204.88616724250835,146.61349697703798,397.0232892176591,2636.319723873402,0.005508780487804878
215.33408663210824,131.42118948878664,381.12033821633486,2787.801507817605,0.005508780487804878
235.64615426691677,150.74475745971168,346.4111104958459,3050.2595558446496,0.005535784313725489
292.3385938506591,198.11288567834967,470.0350332722497,3889.392562837201,0.00573248730964467
327.62284980522276,206.93575476360448,478.4238659158389,4248.145260993001,0.00559059405940594
382.15305607582803,229.67035980047245,472.0714672421947,4776.597081276339,0.0054033492822966505
370.0129608512479,278.95063657243503,525.9037836551721,4643.33825286365,0.005482038834951456
215.92410846163682,192.49543006448715,446.29102994771,2750.303845028961,0.005535784313725489
245.23798183645346,172.64799891432688,438.99354661860536,3154.9896909858257,0.005535784313725489
237.29298973728262,152.51017096726508,419.41973603877443,3151.062611034727,0.005674874371859296
302.08986609112355,144.7429876136577,409.3754081919926,4010.93527445083,0.0056465
312.4236804303711,147.59722835678335,403.78921424641715,4083.3003670680105,0.005563054187192117
203.8132251697056,160.93060865479137,432.20598390299085,2635.569051683658,0.005563054187192117
241.7139498720283,170.21139614196528,435.0968278844346,3159.9519420446895,0.005618407960199004
180.34900466331896,151.1621629502592,415.19144573714493,2347.4233954759566,0.00559059405940594
208.8833658225085,145.28809583854206,411.48749221873015,2790.0048528685415,0.005703535353535353
271.68374138736584,156.1819530093249,420.085741044734,3555.0230475281087,0.00559059405940594
288.58308067336554,147.41859174239647,412.20328152737284,3749.3652100739237,0.005535784313725489
247.10874213184294,183.7791587697771,456.0596495363915,3287.689563675193,0.00573248730964467
270.61431958893536,192.1485727002973,461.6924671802998,3580.3668756685606,0.005703535353535353
372.5457316454939,217.9769257826469,475.9508195881502,4573.138266311151,0.0053018779342723
253.7682752941246,230.0268964690444,434.1109255450014,3081.5373136934236,0.00532688679245283
203.16930490578625,180.65451636737046,430.4044996844197,2502.2787554093647,0.005352132701421801
232.19293406670735,171.26108457551564,425.8182371063417,2909.460182572729,0.0054033492822966505
179.7111071778809,134.1972551202968,379.2228749169896,2194.3443621805704,0.005228240740740741
220.36107053132955,148.11682304748652,436.55674123392305,3089.6999044200115,0.005975132275132275
218.78062746175448,157.01378656629194,422.4571496510971,2881.9584775754547,0.0056465
205.70441982221104,141.3373983986368,410.7729410361933,2736.287228138399,0.005674874371859296
213.08844598824385,142.19284998056634,405.5544419337151,2805.3679212341663,0.005618407960199004
261.09696962475243,180.05221122239936,458.54619350365215,3656.816863424673,0.006006914893617021
280.7391810202347,210.43474319185964,496.0194877617929,3951.588557831246,0.006071505376344086
240.06457877557705,207.16666003870435,475.71299891393704,3186.1990130592467,0.005761734693877551
231.15250395597837,180.46720688650717,447.5596594238793,3024.973883519986,0.0056465
206.08869932212647,120.145230727153,364.5575664689183,2664.288658942921,0.005482038834951456
335.02728432400744,170.153631323802,428.8909623727426,4337.713521231334,0.005535784313725489
256.7952609723146,140.27977937367342,373.8318039639758,3160.667461336078,0.005252558139534884
293.7730953590829,176.50170781882915,413.1442069546574,3551.9183705334576,0.005204147465437788
281.9087701933946,196.21619829321577,434.5167496944461,3402.643788935079,0.005228240740740741
212.66629299059622,117.52080529262584,350.6603744543945,2645.291737898389,0.005277102803738318
211.68760543895453,121.14311076362407,357.3258955978313,2629.4961844392137,0.005277102803738318
231.81941031980466,139.72057495980167,367.0821943645351,2863.6521690817667,0.005277102803738318
277.2399695861289,155.39449118531277,384.45344489055077,3417.52918456182,0.005277102803738318
180.5735892340685,130.8380444719818,344.8126176974905,2241.22709072456,0.0053018779342723
169.45529203160186,212.81374372410488,239.45788788498,2010.9097251033756,0.005277102803738318
168.65581344630513,133.32207115202516,354.5664343936827,2057.9479354164246,0.005228240740740741
