Date,In1_mean,Out1_mean,In2_mean,Out2_mean,In4_mean,Out4_mean,In3_mean,Out3_mean
2021-01-01,25.05474537037036,25.95277777777778,25.02453703703704,24.548495370370375,36.15555555555556,39.36863425925926,36.07013888888888,40.163773148148145
2021-01-02,25.593402777777772,26.571296296296296,25.935648148148147,25.848495370370376,36.15555555555556,39.56828703703702,36.096180555555556,39.525115740740745
2021-01-03,25.373148148148147,26.395486111111097,25.858796296296294,26.53668981481482,36.15555555555556,39.570486111111116,36.07037037037038,40.15127314814816
2021-01-04,24.65092592592592,25.809375000000006,25.449421296296297,26.439467592592596,36.15555555555556,39.42615740740741,36.06643518518519,40.03217592592593
2021-01-05,25.480208333333337,26.508449074074075,25.920138888888882,26.87106481481481,36.15555555555556,39.350347222222226,36.08136574074073,39.46215277777778
2021-01-06,25.90868055555556,26.925115740740747,26.519328703703696,27.30231481481481,36.15555555555556,39.51458333333333,36.103125,39.340624999999996
2021-01-07,26.173842592592596,27.247916666666665,26.760879629629624,27.642013888888894,36.15555555555556,39.162268518518516,36.02280092592593,40.42835648148148
2021-01-08,26.868518518518524,27.77858796296296,27.42465277777777,27.730092592592595,36.15555555555556,39.31597222222223,36.096643518518505,40.230787037037054
2021-01-09,26.75277777777778,27.73414351851852,27.496759259259253,27.940972222222218,36.15555555555556,39.5204861111111,36.1263888888889,39.26307870370369
2021-01-10,26.60601851851852,27.507060185185182,27.262268518518525,27.334606481481487,36.15555555555556,39.165393518518506,36.095833333333324,38.75057870370371
2021-01-11,26.121875000000006,27.230787037037057,26.956828703703703,27.519444444444442,36.15555555555556,39.18819444444445,36.08310185185184,39.66192129629629
2021-01-12,26.36319444444445,27.248611111111103,27.075347222222224,27.731481481481485,36.15555555555556,39.34502314814815,36.1105324074074,39.47094907407408
2021-01-13,26.79039351851851,27.67488425925927,27.392824074074067,28.07187500000001,36.15555555555556,39.386458333333316,36.10474537037036,39.616435185185175
2021-01-14,22.95034722222222,24.9994212962963,23.90798611111111,25.578819444444445,36.15555555555556,39.28819444444444,36.104050925925925,39.53912037037038
2021-01-15,25.566087962962968,26.655092592592585,25.89733796296297,26.59039351851852,36.15555555555556,39.2306712962963,36.10497685185185,39.67777777777777
2021-01-16,26.611226851851853,27.667939814814815,27.262152777777768,26.96307870370371,36.15555555555556,39.49224537037036,36.106018518518496,39.73414351851852
2021-01-17,27.02870370370371,28.022800925925925,27.66122685185185,27.582638888888884,36.15555555555556,39.580555555555556,36.09652777777778,39.86562499999999
2021-01-18,27.529282407407408,28.388773148148143,28.101157407407413,28.150115740740755,36.15555555555556,39.205555555555556,36.10960648148147,39.787962962962965
2021-01-19,27.343981481481503,28.229050925925936,28.004050925925927,28.223032407407413,36.106018518518496,39.30740740740742,36.097106481481475,39.913773148148145
2021-01-20,25.00358796296297,26.445949074074075,26.028935185185176,26.488310185185185,36.08333333333331,39.215856481481474,36.11041666666666,39.91018518518519
2021-01-21,24.36226851851852,26.233333333333338,25.118865740740734,26.234837962962967,36.08333333333331,39.1912037037037,36.0787037037037,39.95034722222223
2021-01-22,25.837152777777785,26.83252314814814,26.368055555555557,27.097685185185195,36.08333333333331,39.255092592592575,36.10532407407407,39.638657407407386
2021-01-23,26.28472222222223,27.28090277777778,26.99953703703704,28.40798611111111,36.08333333333331,38.828125,36.10358796296297,39.514583333333334
2021-01-24,25.251041666666662,26.237268518518515,25.876273148148147,26.651967592592587,36.08333333333331,39.351851851851855,36.168634259259264,39.108333333333334
2021-01-25,25.158796296296302,26.057407407407407,25.5494212962963,26.56493055555556,36.08333333333331,39.60567129629629,36.144675925925924,38.36087962962963
2021-01-26,26.18171296296296,27.25219907407408,26.697222222222226,27.30127314814815,36.08333333333331,39.40416666666666,36.11099537037037,39.46932870370371
2021-01-27,26.90486111111112,27.897106481481487,27.42939814814814,27.186689814814816,36.08333333333331,39.1298611111111,36.124768518518515,39.06875
2021-01-28,26.428703703703704,27.86932870370371,27.049537037037037,27.925115740740736,36.08333333333331,39.639467592592595,35.74386574074073,40.23148148148148
2021-01-29,25.636342592592587,26.831597222222218,26.213888888888885,26.331250000000008,36.08333333333331,39.59513888888888,36.04849537037037,40.711226851851855
2021-01-30,24.510532407407414,25.686574074074073,25.14629629629629,25.77754629629629,36.08333333333331,39.71585648148149,36.101736111111116,40.32291666666667
2021-01-31,24.206481481481475,25.25462962962963,24.860879629629625,24.743865740740745,36.08333333333331,39.44803240740742,36.11805555555556,40.17349537037038
2021-02-01,23.955324074074074,25.038310185185185,24.691666666666677,24.42430555555555,36.08333333333331,39.625925925925934,36.1068287037037,39.71608796296297
2021-02-02,24.12118055555555,25.158101851851843,24.790625000000006,24.728472222222223,36.08333333333331,39.329050925925934,36.10775462962963,39.86168981481482
2021-02-03,24.856712962962963,25.90115740740741,25.548842592592592,25.530439814814812,36.08333333333331,39.414930555555564,36.097222222222214,39.46076388888889
2021-02-04,25.33414351851852,26.359375,26.057870370370377,26.336805555555557,36.102893518518506,39.44918981481481,36.10277777777778,39.9730324074074
2021-02-05,24.162615740740744,25.936805555555566,24.973726851851854,25.72916666666666,36.14444444444441,39.16307870370369,36.09386574074073,39.69039351851852
2021-02-06,25.512847222222206,26.515509259259264,26.102314814814807,26.158101851851843,36.14444444444441,39.254166666666656,36.09733796296295,39.45914351851852
2021-02-07,25.443287037037038,26.51585648148149,26.22256944444445,26.23761574074074,36.14444444444441,39.47719907407407,36.091203703703705,39.48391203703703
2021-02-08,25.408564814814813,26.42418981481482,26.11655092592593,25.759143518518524,36.11817129629632,39.23159722222222,36.08020833333334,39.976851851851855
2021-02-09,24.993749999999988,26.097222222222232,25.797569444444445,25.69814814814814,36.08888888888891,39.567824074074075,36.08611111111111,39.51585648148147
2021-02-10,25.098611111111108,26.16087962962962,25.821643518518517,25.693865740740748,36.08888888888891,39.30277777777779,36.0875,39.8888888888889
2021-02-11,24.314236111111114,25.78668981481481,25.073379629629628,26.19583333333333,36.08888888888891,39.42175925925927,36.09861111111111,40.0349537037037
2021-02-12,24.595023148148147,25.69143518518518,25.376851851851853,25.212268518518517,36.08888888888891,39.37002314814815,36.09814814814814,39.97164351851852
2021-02-13,24.68865740740741,25.725578703703693,25.469675925925927,25.34328703703704,36.08888888888891,39.565509259259265,36.10023148148147,39.93645833333334
2021-02-14,25.01562500000001,26.068749999999994,25.808449074074066,26.08171296296297,36.08888888888891,39.419212962962966,36.10462962962963,39.954166666666666
2021-02-15,25.35717592592591,26.41250000000001,26.105671296296297,26.240509259259266,36.08888888888891,39.17361111111113,36.11932870370371,39.895833333333336
2021-02-16,25.51608796296297,26.490277777777774,26.246759259259264,26.45925925925925,36.08888888888891,39.25289351851851,36.09918981481481,40.12372685185185
2021-02-17,25.190856481481486,26.144444444444435,25.987500000000008,25.89594907407408,36.08888888888891,39.53240740740741,36.11006944444444,40.27581018518518
2021-02-18,24.323148148148146,25.893518518518523,25.246759259259253,26.263541666666658,36.08888888888891,39.3712962962963,36.09664351851852,40.111226851851846
2021-02-19,25.06273148148149,26.208680555555542,25.786805555555546,26.13657407407408,36.08888888888891,39.21516203703704,36.10185185185184,39.89016203703704
2021-02-20,25.270370370370372,26.350578703703714,25.999652777777786,26.354050925925932,36.08888888888891,39.27175925925926,36.10648148148148,39.67685185185186
2021-02-21,25.45231481481481,26.504398148148155,26.14386574074075,26.723263888888894,36.08888888888891,39.170601851851856,36.10289351851852,39.74131944444444
2021-02-22,25.076388888888896,26.36041666666667,25.975694444444454,26.563773148148158,36.08888888888891,39.12337962962962,36.11643518518519,39.597569444444446
2021-02-23,25.98668981481481,26.960648148148152,26.647453703703704,27.096412037037037,36.08888888888891,39.12708333333333,36.10300925925926,39.68159722222223
2021-02-24,26.58333333333333,27.582754629629633,27.272685185185193,27.406365740740743,36.08888888888891,39.239236111111104,36.12268518518518,38.96631944444445
2021-02-25,22.443749999999998,24.388657407407408,23.376273148148144,24.591666666666665,36.08888888888891,39.541550925925925,36.07881944444443,39.53807870370371
2021-02-26,18.28078703703704,23.021990740740744,19.39548611111111,23.368171296296307,36.08888888888891,39.16909722222223,36.09594907407408,40.029282407407415
2021-02-27,23.198379629629628,25.057986111111116,23.649884259259256,25.380439814814817,36.08888888888891,39.33229166666667,36.10069444444443,39.84560185185186
2021-02-28,25.31192129629629,26.55208333333334,25.91655092592592,26.368171296296307,36.08888888888891,39.4550925925926,36.09780092592593,39.72777777777778
2021-03-01,25.977893518518517,27.18530092592593,26.633101851851848,26.66956018518518,36.08888888888891,39.423032407407405,36.09837962962962,39.738078703703714
2021-03-02,25.2681712962963,26.415393518518517,25.85914351851852,25.892476851851843,36.08888888888891,39.76354166666667,36.10347222222222,40.20763888888889
2021-03-03,25.373958333333324,26.45,26.08819444444444,26.064699074074074,36.08888888888891,39.32233796296297,36.093055555555544,39.647800925925914
2021-03-04,25.25613425925926,26.68622685185186,26.055439814814815,26.646296296296303,36.08888888888891,39.5605324074074,36.10787037037037,39.70277777777778
2021-03-05,25.54988425925926,26.693634259259255,26.222569444444442,26.19895833333334,36.08888888888891,39.51145833333333,36.10243055555555,40.00833333333335
2021-03-06,22.123842592592585,25.16006944444445,23.527546296296297,25.281365740740743,36.08888888888891,39.39722222222223,36.09687499999999,40.02974537037037
2021-03-07,22.188425925925923,24.547569444444438,22.91736111111112,24.74803240740741,36.08888888888891,39.156481481481485,36.11215277777777,39.8349537037037
2021-03-08,22.025462962962965,25.174305555555573,23.010648148148153,25.108101851851853,36.08888888888891,39.39837962962962,36.10150462962962,39.922685185185195
2021-03-09,22.14780092592593,24.089467592592595,22.64606481481482,24.497453703703712,36.08888888888891,39.38206018518518,36.13159722222222,38.685648148148154
2021-03-10,21.643055555555552,23.246180555555544,22.14513888888888,23.68749999999999,36.08888888888891,39.09409722222224,36.06354166666667,39.840509259259264
2021-03-11,21.187384259259257,22.324652777777775,21.302662037037038,22.991319444444443,36.08888888888891,38.683333333333316,36.02199074074074,38.77187499999999
2021-03-12,22.712268518518513,23.544791666666658,22.87488425925926,24.224652777777777,36.08888888888891,39.07835648148147,36.12002314814814,39.02835648148149
2021-03-13,22.42662037037037,23.944907407407403,22.974652777777777,24.55925925925926,36.08888888888891,38.615046296296306,36.06516203703705,39.79340277777778
2021-03-14,23.159541062801928,24.509178743961353,23.456763285024156,24.969323671497587,36.0888888888889,39.238647342995165,36.097946859903374,39.65398550724636
2021-03-15,24.715740740740742,25.780902777777793,25.157870370370365,26.024999999999995,36.08888888888891,38.994328703703694,36.09537037037038,39.58379629629629
2021-03-16,24.574074074074073,25.54918981481481,25.122685185185173,26.024652777777778,36.08888888888891,39.192245370370365,36.061574074074066,39.5170138888889
2021-03-17,23.792129629629624,25.0224537037037,24.465046296296297,25.805439814814815,36.09212962962962,38.89386574074076,36.11898148148149,38.90231481481482
2021-03-18,19.95173611111111,21.709027777777766,20.44050925925926,22.610185185185173,36.09444444444444,39.2699074074074,36.03240740740741,38.893287037037034
2021-03-19,22.892592592592592,24.181018518518517,23.231828703703698,24.42418981481482,36.09444444444444,38.991319444444436,36.058333333333316,39.90405092592591
2021-03-20,25.272106481481487,26.49710648148148,25.871296296296297,26.87511574074075,36.09444444444444,38.84155092592593,36.08842592592591,38.91875
2021-03-21,26.825347222222224,27.984259259259275,27.41747685185186,28.450231481481485,36.09444444444444,38.981597222222234,36.03842592592592,39.41840277777778
2021-03-22,26.617129629629645,27.913078703703704,27.31053240740742,28.586805555555557,36.09444444444444,38.93171296296297,36.078356481481485,39.122685185185176
2021-03-23,24.386805555555558,25.875578703703706,24.822916666666675,26.63530092592593,36.09444444444444,38.53506944444443,36.08078703703704,39.122569444444444
2021-03-24,22.265277777777783,23.675462962962953,22.54363425925926,24.307175925925918,36.09444444444444,38.84537037037038,35.994097222222216,39.71736111111111
2021-03-25,22.58981481481482,23.789699074074075,22.68136574074074,23.92696759259259,36.09444444444444,38.88680555555556,36.13923611111112,38.75381944444445
2021-03-26,24.349768518518527,25.007754629629634,24.3298611111111,25.39756944444444,36.09444444444444,38.50497685185184,36.0699074074074,38.89467592592593
2021-03-27,22.393518518518523,23.668287037037036,22.83900462962963,24.407060185185188,36.09444444444444,38.51712962962962,36.12083333333333,38.42604166666667
2021-03-28,20.09722222222222,21.68877314814814,20.457291666666666,22.499537037037044,36.09444444444444,38.71111111111112,36.12291666666666,38.83368055555557
2021-03-29,19.986226851851857,21.940277777777776,20.40219907407408,22.333101851851854,36.09444444444444,38.96388888888889,36.06111111111111,38.7454861111111
2021-03-30,19.456944444444446,23.91388888888889,19.508564814814815,23.94351851851852,36.09444444444444,38.84027777777777,36.106481481481495,39.411458333333336
2021-03-31,23.885763888888892,25.30717592592593,23.807986111111116,25.420486111111128,36.09444444444444,38.62152777777779,35.832754629629626,39.235416666666666
2021-04-01,21.55173611111111,23.13541666666667,21.977777777777778,23.570254629629627,36.09444444444444,38.93715277777777,35.865740740740726,39.86539351851852
2021-04-02,24.838425925925915,25.955092592592603,24.962731481481484,26.319675925925925,36.09444444444444,38.68263888888888,36.092129629629625,39.80995370370371
2021-04-03,26.279166666666665,27.274189814814807,26.74409722222222,27.770486111111115,36.09444444444444,39.01226851851852,36.115972222222226,39.34884259259258
2021-04-04,27.296643518518525,28.303819444444454,27.821064814814807,28.525462962962962,36.09444444444444,38.837499999999984,36.11863425925926,38.45868055555556
2021-04-05,25.320717592592597,27.376041666666676,25.95810185185185,27.550347222222225,36.09444444444444,38.6664351851852,35.955787037037034,38.87951388888889
2021-04-06,27.045138888888882,28.19722222222222,27.32268518518519,28.626504629629636,36.09444444444444,38.8949074074074,35.93645833333332,39.07662037037037
2021-04-07,26.64224537037037,27.664004629629634,27.1150462962963,28.1105324074074,36.09444444444444,38.7230324074074,36.01342592592593,38.923032407407405
2021-04-08,23.707175925925924,24.64328703703703,23.93831018518519,25.08657407407407,36.09444444444444,38.61944444444445,36.017361111111114,38.92060185185185
2021-04-09,22.798842592592596,23.922222222222217,23.01516203703704,24.483101851851846,36.09444444444444,38.74212962962964,35.977893518518506,38.87662037037037
2021-04-10,23.98402777777777,24.720138888888897,24.05289351851852,24.912615740740733,36.09444444444444,38.433449074074055,36.07488425925926,38.56215277777777
2021-04-11,21.822106481481484,23.382407407407413,21.978703703703705,24.1025462962963,36.09444444444444,38.55960648148149,35.89120370370372,39.38796296296296
2021-04-12,20.360300925925923,22.08055555555556,20.387152777777782,22.645601851851847,36.09444444444444,38.492129629629645,35.241319444444436,39.65636574074074
2021-04-13,21.830787037037037,23.11261574074074,21.991087962962954,23.420370370370367,36.09444444444444,38.73078703703704,34.65486111111112,39.51562499999999
2021-04-14,21.49814814814815,22.607638888888886,21.732986111111114,23.13819444444444,36.09444444444444,38.59849537037038,35.7462962962963,37.96840277777779
2021-04-15,19.868749999999995,21.63726851851852,19.485069444444445,22.06817129629629,36.09444444444444,38.76238425925924,35.982523148148125,39.812615740740746
2021-04-16,17.41296296296296,21.563194444444445,17.577314814814816,21.977662037037035,36.09444444444444,39.14849537037036,36.09976851851851,40.14953703703704
2021-04-17,20.787962962962965,23.43634259259259,20.871180555555558,23.151157407407407,36.09444444444444,38.84398148148148,36.115625,38.967476851851835
2021-04-18,25.64444444444445,26.76805555555555,25.90798611111111,26.37314814814815,36.09444444444444,38.831250000000004,36.10648148148149,38.78634259259259
2021-04-19,27.81226851851852,28.89039351851852,28.248611111111114,28.622685185185187,36.09444444444444,38.54212962962962,36.110763888888904,39.221643518518526
2021-04-20,29.413194444444432,30.418749999999992,29.90173611111111,30.22685185185186,36.09444444444444,38.39421296296297,36.11608796296296,38.40138888888888
2021-04-21,30.380439814814817,31.420254629629625,30.924537037037037,31.21261574074075,36.09444444444444,38.65358796296295,36.10706018518518,39.1273148148148
2021-04-22,23.681365740740745,25.64097222222222,24.680671296296296,26.14409722222224,36.09444444444444,38.71979166666666,36.08946759259259,39.91365740740742
2021-04-23,21.173148148148147,22.576620370370375,21.459837962962965,23.389930555555555,36.09444444444444,38.83807870370369,36.11770833333333,38.39965277777779
2021-04-24,23.393634259259258,24.31921296296296,23.50162037037037,24.75821759259259,36.09444444444444,38.6224537037037,36.120370370370374,38.22777777777778
2021-04-25,23.365162037037038,24.705208333333335,23.68472222222222,25.19328703703705,36.09444444444444,38.853125,36.07881944444443,39.18136574074073
2021-04-26,21.840625000000006,23.256365740740733,22.234837962962967,23.5949074074074,36.09444444444444,38.812268518518515,36.09791666666667,38.91840277777778
2021-04-27,22.27615740740741,23.395254629629623,22.475694444444443,23.8931712962963,36.09444444444444,37.97245370370369,36.12997685185186,38.30578703703704
2021-04-28,23.106597222222224,24.346064814814824,23.307638888888878,24.702314814814827,35.54942129629632,35.86678240740742,36.092361111111096,38.74560185185185
2021-04-29,21.72060185185185,22.881944444444446,22.121180555555554,23.6068287037037,34.651736111111155,34.983564814814834,36.09953703703704,39.423032407407405
2021-04-30,21.658680555555552,22.53715277777778,21.725810185185182,22.9681712962963,33.73761574074073,34.0803240740741,35.995254629629635,38.697337962962955
2021-05-01,21.893749999999997,22.89733796296297,22.118518518518528,23.301736111111115,32.95798611111111,33.2670138888889,36.05150462962962,38.91921296296295
2021-05-02,24.002430555555552,24.572453703703705,24.02326388888889,24.9130787037037,32.21516203703702,32.551041666666684,36.07916666666666,39.247569444444444
2021-05-03,24.802893518518516,25.71076388888888,24.987152777777776,25.398379629629634,31.58032407407409,31.888888888888914,36.07152777777778,39.64259259259259
2021-05-04,23.14513888888888,24.42916666666667,23.436805555555548,24.706134259259258,30.962499999999995,31.291319444444454,36.092476851851856,39.456134259259265
2021-05-05,22.005902777777777,23.314004629629633,22.35127314814815,23.675000000000008,30.264814814814812,30.677430555555556,36.08159722222222,39.99548611111111
2021-05-06,21.87523148148149,22.585185185185185,22.086574074074075,23.126504629629633,29.700462962962998,30.07881944444445,36.104166666666664,40.07592592592592
2021-05-07,22.079282407407415,23.15601851851852,22.33310185185186,23.544791666666672,29.22743055555557,29.59756944444447,36.11157407407408,38.89837962962964
2021-05-08,21.241782407407406,22.802314814814817,21.275347222222226,23.290740740740745,28.826041666666665,29.943634259259273,35.775,39.54965277777778
2021-05-09,22.420254629629635,23.41180555555556,22.004050925925924,23.77592592592593,29.139351851851846,34.39895833333333,35.63912037037037,38.73194444444445
2021-05-10,23.004398148148155,23.772916666666664,23.144212962962964,24.027893518518514,30.592476851851853,35.73124999999998,36.10219907407407,39.480324074074076
2021-05-11,22.28460648148149,23.059722222222216,22.420949074074073,23.392592592592596,31.728819444444458,36.67847222222222,36.0763888888889,39.20034722222223
2021-05-12,21.703703703703706,22.869097222222223,21.46041666666667,23.295486111111114,32.7025462962963,37.38171296296295,35.46122685185184,41.00636574074073
2021-05-13,23.21319444444445,24.29675925925926,22.940509259259258,24.16909722222222,33.58622685185186,38.41782407407407,35.74884259259259,39.24155092592593
2021-05-14,24.954513888888897,25.68865740740741,25.03576388888889,25.66863425925926,34.48680555555555,39.30173611111111,36.03460648148148,40.33969907407407
2021-05-15,25.819907407407403,26.420717592592595,25.930787037037035,26.691782407407416,35.372453703703705,40.21620370370374,36.23472222222222,38.58553240740739
2021-05-16,26.6511574074074,27.417824074074087,26.75659722222223,27.714467592592587,35.89444444444441,39.025347222222216,36.13402777777778,38.340972222222234
2021-05-17,27.014583333333338,27.8175925925926,27.118634259259256,27.72523148148149,35.89444444444441,38.59583333333332,35.6894675925926,41.09328703703704
2021-05-18,27.905555555555555,28.571296296296296,27.92326388888888,28.60914351851851,35.97118055555551,38.63159722222224,35.69039351851851,40.00335648148148
2021-05-19,28.41990740740742,29.049305555555563,28.52719907407408,29.187962962962956,36.177777777777756,38.47152777777778,35.966666666666654,39.92546296296296
2021-05-20,26.110300925925916,27.27094907407408,26.063541666666655,27.590972222222224,36.14074074074072,38.461226851851855,35.75347222222221,40.90057870370371
2021-05-21,25.664699074074075,26.782175925925923,25.10497685185185,26.864351851851854,36.08333333333331,38.259490740740766,36.33125000000001,38.98946759259259
2021-05-22,27.74675925925926,28.437037037037033,27.246990740740745,28.350347222222226,36.08333333333331,38.41979166666666,36.205787037037034,39.04930555555554
2021-05-23,28.87118055555555,29.282523148148144,28.670717592592585,29.253125,36.08333333333331,38.3869212962963,36.524999999999984,38.0519675925926
2021-05-24,25.084722222222222,26.537499999999994,24.85891203703704,27.021412037037038,36.08333333333331,38.59317129629628,36.11041666666666,38.71608796296296
2021-05-25,26.210069444444446,27.176736111111126,25.8212962962963,27.197337962962973,36.08333333333331,38.787037037037045,35.87627314814815,39.15185185185186
2021-05-26,29.96053240740741,30.335763888888888,29.808680555555554,30.245254629629642,36.08333333333331,38.25555555555554,36.20983796296297,38.045023148148154
2021-05-27,29.4861111111111,30.022453703703704,29.497685185185194,30.130324074074085,36.08333333333331,38.1565972222222,35.97905092592592,39.912499999999994
2021-05-28,23.461574074074075,25.609027777777783,23.37280092592592,26.38969907407407,36.08333333333331,38.27361111111111,35.62175925925926,41.54166666666668
2021-05-29,21.995254629629642,23.800694444444442,22.035532407407405,24.36736111111112,36.08333333333331,38.57175925925926,36.34849537037037,37.95416666666667
2021-05-30,22.01238425925926,23.448842592592587,22.231944444444448,24.05416666666667,36.08333333333331,38.69988425925926,36.11215277777778,39.48009259259259
2021-05-31,22.81261574074074,23.83125,22.867361111111112,24.24236111111111,36.08333333333331,39.04085648148147,36.11215277777777,38.54756944444444
2021-06-01,25.183564814814815,25.77569444444444,25.08935185185186,25.99386574074075,36.08333333333331,38.42569444444444,36.11805555555555,38.79560185185185
2021-06-02,27.634837962962962,28.10069444444446,27.56493055555556,28.257638888888902,36.08333333333331,38.52071759259259,36.10381944444445,38.65254629629629
2021-06-03,26.82256944444445,27.730324074074094,26.484375,27.97638888888889,36.08333333333331,38.31261574074075,36.119097222222216,38.73969907407408
2021-06-04,27.671759259259257,28.38726851851852,27.18969907407408,28.42523148148149,36.08333333333331,38.40266203703706,36.12083333333332,38.33055555555556
2021-06-05,28.831944444444446,29.48645833333333,28.51956018518519,29.433333333333326,36.08333333333331,38.31527777777779,36.12499999999999,38.33275462962964
2021-06-06,30.728819444444444,31.046296296296294,30.418518518518514,31.234953703703706,36.08333333333331,38.10034722222221,36.12326388888889,37.846180555555556
2021-06-07,32.241898148148145,32.637615740740735,31.957638888888898,32.58993055555555,36.08333333333331,38.07314814814813,36.107523148148154,38.02418981481481
2021-06-08,32.41018518518519,32.878125,32.158680555555556,32.94861111111111,36.08333333333331,38.2193287037037,36.111921296296295,37.807870370370374
2021-06-09,32.13206018518519,32.47719907407407,31.764004629629625,32.34641203703703,36.08333333333331,38.01990740740741,36.11608796296295,38.126967592592585
2021-06-10,28.41851851851852,29.95578703703703,28.223958333333332,30.77372685185186,36.08333333333331,38.06099537037036,35.86041666666667,41.165972222222216
2021-06-11,25.205787037037037,27.032060185185184,24.599768518518527,27.67511574074074,36.08333333333331,38.11273148148146,35.95381944444444,40.95324074074073
2021-06-12,26.00949074074074,26.97731481481482,25.324189814814815,27.44016203703703,36.08333333333331,38.20914351851851,36.10775462962963,39.35046296296296
2021-06-13,27.447453703703705,28.24629629629631,26.79143518518518,28.460648148148156,36.08333333333331,38.035069444444446,36.21736111111112,39.04988425925925
2021-06-14,25.400694444444436,26.87789351851853,24.81527777777777,27.38252314814814,36.08333333333331,38.1236111111111,36.02696759259259,40.55393518518519
2021-06-15,26.377893518518515,27.274537037037035,25.70335648148148,27.563657407407405,36.08333333333331,38.129745370370365,36.13356481481482,39.313773148148144
2021-06-16,26.361574074074074,26.97395833333333,25.93136574074074,27.403240740740745,36.08333333333331,38.28252314814815,36.18391203703704,39.310532407407415
2021-06-17,25.914583333333336,26.97986111111111,25.345601851851857,27.22210648148149,36.08333333333331,37.848958333333336,36.13715277777778,39.49490740740741
2021-06-18,27.292708333333334,27.953125000000004,26.82349537037037,28.20474537037038,36.08333333333331,38.1025462962963,36.12060185185186,39.32511574074075
2021-06-19,28.95092592592593,29.338541666666657,28.409606481481475,29.580787037037027,36.08333333333331,37.87928240740739,36.390972222222224,38.51076388888888
2021-06-20,30.551157407407405,30.77349537037037,30.108912037037047,30.940509259259247,36.08333333333331,38.05347222222223,36.24027777777777,37.72523148148148
2021-06-21,31.32013888888889,31.756828703703704,30.87962962962962,32.02673611111111,36.08333333333331,37.94710648148148,36.34143518518518,38.45416666666667
2021-06-22,29.822337962962976,30.57696759259259,29.574768518518525,31.04293981481482,36.08333333333331,37.92604166666666,36.187615740740746,37.24293981481481
2021-06-23,27.299189814814824,28.07546296296297,27.071874999999995,28.839004629629628,36.08333333333331,38.124305555555544,35.97280092592593,40.437152777777776
2021-06-24,26.27835648148149,27.498842592592595,25.884606481481487,28.124305555555566,36.08333333333331,37.82233796296294,35.98055555555555,40.55914351851852
2021-06-25,25.83460648148149,27.007754629629634,25.243287037037035,27.489814814814817,36.08333333333331,38.11018518518518,36.10578703703703,39.55231481481482
2021-06-26,27.698842592592595,28.4113425925926,27.08935185185185,28.379513888888884,36.08333333333331,38.048842592592585,36.4142361111111,38.51770833333333
2021-06-27,30.340972222222224,30.657638888888883,29.818287037037027,30.206134259259272,36.08333333333331,37.932638888888896,36.50393518518518,37.77939814814813
2021-06-28,32.2587962962963,32.5630787037037,31.797106481481478,32.57581018518519,36.08333333333331,37.902083333333344,36.368171296296296,37.91828703703701
2021-06-29,34.04594907407407,34.25787037037036,33.64224537037037,34.201851851851856,36.08333333333331,37.973148148148134,36.24328703703705,37.32488425925927
2021-06-30,33.92696759259259,34.67094907407407,33.52025462962963,34.56041666666667,36.08333333333331,37.65891203703702,36.196759259259245,38.934374999999996
2021-07-01,31.19722222222222,32.46331018518519,30.695486111111112,32.845370370370375,36.08333333333331,37.75150462962961,36.146527777777784,39.125347222222224
2021-07-02,27.092708333333334,29.198842592592595,26.735995370370365,30.14513888888888,36.08333333333331,37.8204861111111,36.10798611111111,39.51724537037037
2021-07-03,24.36041666666667,26.32141203703703,23.799884259259258,27.276736111111106,36.08333333333331,38.14062499999999,36.06319444444444,40.33784722222222
2021-07-04,24.316782407407405,25.694328703703707,23.60138888888889,26.305555555555557,36.08333333333331,38.60231481481481,36.07824074074073,39.992939814814804
2021-07-05,25.402662037037043,26.24537037037038,24.746527777777775,26.568981481481483,36.08333333333331,37.949305555555526,36.15648148148149,39.27523148148148
2021-07-06,27.813310185185184,28.37523148148148,27.235995370370375,28.344560185185188,36.08333333333331,37.993865740740745,36.19293981481482,38.68344907407406
2021-07-07,29.876273148148147,30.24374999999999,29.417824074074073,30.141203703703706,36.08333333333331,38.1087962962963,36.18981481481482,38.49907407407408
2021-07-08,27.30659722222221,28.458912037037038,26.97847222222221,28.96643518518519,36.08333333333331,38.31435185185185,36.08738425925926,40.14699074074075
2021-07-09,26.105324074074073,27.264236111111106,25.458680555555556,27.842361111111117,36.08333333333331,38.19050925925925,36.173263888888876,38.806712962962955
2021-07-10,27.106134259259264,27.86365740740742,26.522222222222226,28.0888888888889,36.08333333333331,37.892708333333324,36.112847222222214,38.66331018518517
2021-07-11,27.300231481481486,28.143981481481486,26.683680555555558,28.36435185185185,36.08333333333331,38.103472222222216,36.13333333333334,38.98472222222222
2021-07-12,26.850231481481487,27.903356481481485,26.347337962962964,28.128587962962964,36.08333333333331,38.09953703703705,36.117708333333326,39.824074074074076
2021-07-13,26.202199074074073,27.22638888888889,25.59918981481482,27.729861111111116,36.08333333333331,38.021527777777784,36.141666666666666,38.570138888888884
2021-07-14,27.228125000000002,27.95381944444445,26.53414351851852,28.333912037037035,36.08333333333331,37.80578703703705,36.12222222222223,38.856481481481474
2021-07-15,28.92465277777778,29.414467592592597,28.366666666666664,29.634953703703705,36.08333333333331,38.03657407407407,36.255902777777784,38.126620370370375
2021-07-16,30.7630787037037,31.129282407407402,30.186226851851856,31.24930555555555,36.08333333333331,37.60150462962963,36.30462962962963,37.66886574074073
2021-07-17,30.635879629629628,31.13796296296296,30.27303240740741,31.35717592592593,36.08333333333331,37.76446759259259,36.14085648148148,38.82534722222221
2021-07-18,28.52962962962962,29.34097222222222,28.09826388888887,29.87002314814814,36.08333333333331,37.76666666666667,36.112268518518526,38.53171296296296
2021-07-19,28.19525462962963,28.61689814814814,27.693634259259266,29.030208333333334,36.08333333333331,37.937615740740746,36.13136574074074,39.07037037037037
2021-07-20,29.515625,29.557986111111106,29.086342592592604,29.85601851851853,36.08333333333331,38.09872685185184,36.20590277777778,38.14016203703703
2021-07-21,29.43784722222222,29.799537037037037,29.07326388888889,30.06145833333333,36.08333333333331,38.030555555555544,36.15543981481481,38.43703703703703
2021-07-22,28.64560185185185,29.57754629629629,28.196412037037035,29.89907407407408,36.04675925925924,37.8783564814815,36.171643518518515,38.70486111111112
2021-07-23,28.8337962962963,29.31631944444445,28.45254629629629,29.763773148148157,35.96145833333333,37.89780092592593,36.16585648148149,38.586342592592594
2021-07-24,28.109606481481475,28.931712962962962,27.652199074074076,29.166435185185193,35.90555555555556,37.931250000000006,36.15937500000001,38.96724537037038
2021-07-25,27.039814814814815,28.08414351851853,26.444328703703704,28.53796296296297,35.90555555555556,38.031481481481485,36.12164351851852,38.97407407407407
2021-07-26,29.530092592592595,29.650578703703705,28.94756944444444,29.805555555555546,35.90555555555556,38.10243055555556,36.20509259259259,37.75277777777777
2021-07-27,29.94074074074074,30.31273148148149,29.57268518518518,29.94861111111111,35.90555555555556,38.06203703703705,36.20717592592593,38.52673611111111
2021-07-28,28.13090277777778,28.993981481481484,27.761805555555565,29.523148148148152,35.90555555555556,37.8449074074074,36.09988425925926,39.038888888888884
2021-07-29,27.81365740740741,28.707407407407405,27.320949074074065,29.235185185185188,35.90555555555556,37.86874999999999,36.32071759259257,37.992476851851855
2021-07-30,29.029976851851853,29.340046296296293,28.909953703703707,29.76041666666666,36.16018518518519,37.78553240740741,36.171990740740746,38.339583333333316
2021-07-31,28.295023148148143,28.862037037037044,28.302546296296295,29.448032407407407,36.183333333333344,37.92511574074074,36.097569444444446,39.55497685185185
2021-08-01,28.878356481481486,29.337731481481487,28.77106481481481,29.589930555555558,36.183333333333344,37.954050925925934,36.203009259259254,39.22164351851851
2021-08-02,29.79652777777778,30.16018518518518,29.679745370370366,30.477199074074075,36.183333333333344,37.76388888888887,36.269212962962975,38.06192129629628
2021-08-03,29.438194444444445,29.83958333333332,29.394675925925927,29.87453703703704,36.183333333333344,37.82372685185184,36.15798611111112,38.50127314814813
2021-08-04,28.666666666666668,29.40625,28.552083333333343,29.31550925925926,36.183333333333344,38.05324074074075,36.11574074074073,39.24120370370371
2021-08-05,27.97002314814816,28.54166666666666,27.680902777777774,28.766435185185188,36.183333333333344,38.07928240740741,36.155208333333334,38.732291666666676
2021-08-06,29.881018518518516,30.090625,29.49699074074074,30.384837962962965,36.183333333333344,37.883564814814804,36.30358796296294,38.19849537037036
2021-08-07,30.468055555555555,31.1357638888889,29.905902777777772,31.082407407407413,36.183333333333344,37.67604166666667,36.275578703703715,38.02199074074073
2021-08-08,30.945833333333336,31.536458333333325,30.391550925925927,31.40891203703703,36.183333333333344,37.90046296296297,36.12499999999999,38.17002314814814
2021-08-09,29.524421296296293,30.586805555555568,29.071180555555557,30.93958333333333,36.183333333333344,37.85821759259259,36.139236111111124,38.24571759259259
2021-08-10,28.196180555555546,29.485879629629625,27.609027777777772,29.888888888888886,36.183333333333344,37.99652777777778,36.12048611111111,38.90474537037037
2021-08-11,30.74039351851852,31.241319444444454,29.98958333333333,31.190046296296288,36.183333333333344,37.696875,36.28240740740741,37.47581018518515
2021-08-12,32.61041666666667,33.1125,31.94270833333333,33.153587962962966,36.183333333333344,37.62071759259258,36.29085648148148,37.50671296296297
2021-08-13,33.26678240740741,33.90891203703705,32.66192129629629,34.1724537037037,36.183333333333344,37.59502314814814,36.247337962962966,37.5726851851852
2021-08-14,33.33634259259261,33.87349537037037,32.88912037037037,34.16284722222222,36.183333333333344,37.48518518518518,36.209722222222226,37.7037037037037
2021-08-15,31.26238425925926,32.139699074074066,31.010416666666654,32.54097222222223,36.183333333333344,37.77210648148145,36.18530092592593,38.5792824074074
2021-08-16,29.760648148148146,30.50370370370371,29.42673611111111,31.02534722222222,36.183333333333344,37.6755787037037,36.14525462962964,38.70706018518519
2021-08-17,29.83784722222222,30.68298611111111,29.23599537037037,30.91064814814815,36.183333333333344,37.51840277777777,36.23287037037038,38.286111111111104
2021-08-18,30.64386574074074,31.650578703703705,30.010185185185197,31.564236111111118,36.183333333333344,37.96620370370371,36.223958333333336,38.26782407407407
2021-08-19,30.11782407407408,31.25833333333335,29.575347222222206,31.38020833333334,36.183333333333344,37.81550925925925,36.15231481481481,38.22916666666666
2021-08-20,30.637037037037032,31.261458333333337,30.033680555555566,31.54398148148148,36.183333333333344,37.75868055555554,36.12627314814814,38.07199074074072
2021-08-21,31.36030092592593,31.785069444444456,30.79849537037037,32.062152777777776,36.183333333333344,38.039583333333326,36.190509259259265,37.88194444444442
2021-08-22,30.55636574074074,31.250578703703706,30.38391203703705,31.79270833333334,36.183333333333344,37.72199074074074,36.34965277777779,37.10300925925927
2021-08-23,30.89872685185185,31.35196759259259,30.63819444444444,31.982407407407408,36.183333333333344,37.8712962962963,36.04421296296296,39.01284722222222
2021-08-24,31.12326388888889,31.31550925925926,30.583912037037035,31.796412037037033,36.183333333333344,37.79652777777778,36.192939814814814,37.84398148148147
2021-08-25,32.0491898148148,32.59155092592592,31.596875000000008,32.942245370370365,36.183333333333344,37.69548611111111,36.231481481481495,37.96770833333334
2021-08-26,32.87256944444446,33.22847222222224,32.500231481481485,33.57106481481481,36.183333333333344,37.79641203703703,36.31134259259259,37.473611111111104
2021-08-27,33.72708333333333,33.92025462962963,33.3707175925926,34.04618055555555,36.183333333333344,37.72453703703706,36.22048611111111,37.805324074074086
2021-08-28,29.60405092592593,31.31550925925926,29.263773148148157,31.599537037037035,36.183333333333344,37.70474537037037,36.10277777777777,39.25486111111112
2021-08-29,27.402777777777775,29.34351851851852,26.7962962962963,29.761111111111106,36.183333333333344,37.97627314814817,36.14490740740741,38.88784722222221
2021-08-30,29.07766203703704,29.989236111111108,28.285648148148145,30.19317129629631,36.183333333333344,37.72488425925928,36.254513888888894,37.95613425925927
2021-08-31,30.383680555555554,31.1199074074074,29.792129629629624,31.130555555555556,36.183333333333344,38.00138888888888,36.15,38.05219907407406
2021-09-01,28.68935185185185,29.863657407407413,28.216898148148143,30.193865740740733,36.183333333333344,37.8804398148148,36.12141203703704,39.28171296296296
2021-09-02,26.434027777777782,27.192361111111115,26.027662037037047,27.70289351851851,36.183333333333344,38.37685185185187,36.12662037037038,38.92766203703704
2021-09-03,26.65324074074073,27.57569444444444,26.095023148148154,27.878935185185195,36.183333333333344,38.13206018518519,36.157523148148165,38.854513888888896
2021-09-04,26.776851851851855,28.083564814814817,26.107986111111114,28.36400462962963,36.183333333333344,37.95659722222222,36.226851851851855,38.796180555555544
2021-09-05,26.126273148148147,27.7138888888889,25.462037037037035,27.983101851851856,36.183333333333344,38.03761574074073,36.11817129629629,39.20520833333333
2021-09-06,28.029976851851853,28.717476851851856,27.261342592592587,28.90115740740741,36.183333333333344,37.740277777777784,36.18541666666667,37.91747685185185
2021-09-07,27.994328703703715,28.903356481481477,27.438194444444445,29.34618055555555,36.183333333333344,38.012615740740735,36.15659722222222,38.770370370370365
2021-09-08,28.210416666666678,29.25393518518518,27.725810185185182,29.635532407407396,36.183333333333344,37.741435185185175,36.52372685185184,38.72280092592592
2021-09-09,29.250578703703706,29.834490740740737,28.81851851851852,30.27430555555556,36.183333333333344,37.85798611111111,36.493634259259274,36.7394675925926
2021-09-10,29.662152777777777,30.798611111111104,29.706365740740736,31.30578703703703,36.177546296296306,37.74826388888891,36.23865740740741,37.34780092592593
2021-09-11,28.472916666666674,29.0787037037037,28.54918981481482,29.889120370370367,36.183333333333344,37.8837962962963,36.13969907407408,37.530902777777776
2021-09-12,29.65405092592593,29.938773148148144,29.60706018518519,30.32986111111111,36.183333333333344,37.89212962962964,36.11979166666666,37.30254629629632
2021-09-13,30.096874999999994,30.440856481481486,30.089120370370377,30.82141203703702,36.183333333333344,38.01724537037038,36.08761574074074,38.968865740740746
2021-09-14,27.248148148148147,28.604629629629628,26.94201388888889,29.435416666666658,36.183333333333344,37.7923611111111,36.13356481481482,39.33310185185184
2021-09-15,28.879166666666663,29.441666666666663,28.22094907407407,29.928240740740733,36.183333333333344,37.60011574074073,36.35555555555556,37.591435185185176
2021-09-16,28.710532407407413,29.010532407407414,28.413310185185182,29.903009259259264,36.183333333333344,37.822685185185186,36.12407407407408,39.263078703703705
2021-09-17,27.42349537037036,27.789120370370373,27.015509259259264,28.77152777777778,36.183333333333344,37.74849537037038,36.189930555555556,38.673263888888876
2021-09-18,28.215046296296293,28.24513888888889,27.744097222222223,28.92511574074074,36.183333333333344,37.85196759259259,36.2107638888889,38.19166666666666
2021-09-19,28.136226851851855,28.24108796296296,27.862037037037037,29.01099537037037,36.183333333333344,37.88796296296296,36.149652777777774,39.044212962962966
2021-09-20,26.43263888888889,27.054282407407413,26.13530092592592,27.788194444444457,36.183333333333344,37.83287037037038,36.21273148148148,39.619907407407396
2021-09-21,25.962499999999995,26.56284722222222,25.48761574074074,27.175000000000008,36.183333333333344,37.68865740740741,36.26539351851853,38.92349537037038
2021-09-22,27.08310185185186,27.724652777777774,26.499768518518525,28.123842592592595,36.183333333333344,37.938310185185195,36.630555555555574,37.64953703703703
2021-09-23,27.872916666666672,28.624768518518525,27.28344907407407,28.973958333333332,36.183333333333344,37.823958333333316,36.26342592592594,38.413657407407406
2021-09-24,27.59421296296297,28.45914351851853,27.030439814814812,28.85138888888889,36.183333333333344,37.65439814814813,36.65636574074073,37.189351851851846
2021-09-25,27.44861111111111,28.373263888888896,26.967361111111103,28.869560185185193,36.183333333333344,37.6730324074074,36.00763888888888,39.4662037037037
2021-09-26,27.21377314814815,28.10127314814815,26.805555555555557,28.630439814814817,36.183333333333344,38.056597222222216,36.12939814814815,39.790740740740745
2021-09-27,24.864583333333332,26.5945601851852,24.392129629629633,27.157754629629636,36.183333333333344,37.80578703703704,36.187268518518515,39.01226851851853
2021-09-28,25.560763888888896,26.899421296296307,24.9693287037037,27.312847222222217,36.183333333333344,37.951273148148154,36.10462962962962,38.8292824074074
2021-09-29,23.690624999999997,25.264236111111106,23.329398148148144,25.936689814814816,36.183333333333344,37.914236111111116,36.21747685185186,39.47546296296295
2021-09-30,22.792245370370367,24.16643518518519,22.482986111111114,24.977314814814818,36.183333333333344,37.70925925925926,36.36319444444444,38.64884259259258
2021-10-01,22.463078703703705,23.660416666666666,22.092013888888886,24.505208333333332,36.183333333333344,37.91493055555558,36.203356481481485,37.15787037037037
2021-10-02,23.10185185185186,24.323495370370367,22.558333333333334,24.945254629629634,36.183333333333344,37.77430555555555,36.15034722222223,37.8789351851852
2021-10-03,23.829976851851843,24.83125,23.4167824074074,25.432175925925932,36.183333333333344,37.885995370370374,36.12962962962963,38.37511574074074
2021-10-04,23.274768518518528,24.470138888888894,22.913541666666664,25.17939814814814,36.183333333333344,38.045717592592574,36.04814814814814,40.21099537037038
2021-10-05,22.295949074074077,23.69548611111112,21.849537037037035,24.419328703703698,36.183333333333344,38.30659722222223,36.09537037037036,40.38229166666665
2021-10-06,23.462962962962965,24.37256944444444,22.92719907407407,24.893171296296302,36.164236111111116,37.86759259259258,36.17905092592593,39.54525462962964
2021-10-07,24.380787037037038,25.183912037037036,23.93252314814815,25.710648148148152,36.12222222222224,37.97372685185186,36.36354166666667,38.65868055555558
2021-10-08,24.605671296296304,25.30798611111111,24.19004629629629,25.98460648148149,36.12222222222224,38.04386574074073,36.207638888888894,39.23773148148148
2021-10-09,24.280787037037033,24.510648148148146,23.804398148148152,25.444328703703704,36.12222222222224,38.01018518518518,36.1332175925926,39.965856481481474
2021-10-10,23.904745370370378,24.196412037037046,23.400462962962962,25.082870370370376,36.12222222222224,38.12916666666667,36.14560185185184,39.235532407407405
2021-10-11,25.154745370370367,25.12824074074074,24.60960648148148,25.902662037037032,36.12222222222224,38.02870370370369,36.15636574074073,39.31099537037037
2021-10-12,25.45034722222222,25.676851851851854,24.925231481481475,26.457291666666674,36.12222222222224,38.08784722222223,36.195486111111116,39.44178240740742
2021-10-13,25.26284722222222,26.159953703703696,24.79976851851852,26.850810185185185,36.12222222222224,38.01018518518521,36.20115740740742,38.8888888888889
2021-10-14,25.889120370370367,26.264583333333338,25.426851851851854,27.03344907407407,36.12222222222224,37.962615740740745,36.229745370370374,38.578240740740746
2021-10-15,27.16435185185185,27.510648148148153,26.866435185185193,28.109837962962956,36.12222222222224,37.93101851851852,36.557060185185186,37.93368055555556
2021-10-16,28.75185185185185,29.04085648148148,28.5542824074074,29.48807870370371,36.12222222222224,38.112037037037034,36.28773148148148,37.61180555555554
2021-10-17,26.52245370370369,27.204398148148147,26.77164351851852,27.94641203703704,36.12222222222224,38.24988425925925,36.115509259259255,38.38900462962962
2021-10-18,24.436805555555555,25.415624999999995,24.755092592592593,26.41631944444444,36.12222222222224,37.92141203703704,36.112037037037034,37.83726851851853
2021-10-19,23.479976851851855,24.41226851851852,23.65509259259259,25.50625000000001,36.12222222222224,37.820833333333326,36.11817129629629,38.93067129629629
2021-10-20,24.575231481481477,25.157754629629633,24.55960648148148,25.827083333333334,36.12222222222224,37.993634259259274,35.9877314814815,39.589120370370374
2021-10-21,25.456712962962964,26.186226851851842,25.25671296296296,26.698958333333337,36.12222222222224,38.17997685185187,36.08993055555555,39.942129629629626
2021-10-22,24.527777777777782,25.878125,24.070833333333322,26.35405092592592,36.11550925925925,37.963194444444454,36.10636574074074,39.74085648148147
2021-10-23,22.078472222222217,24.40601851851852,21.81145833333333,25.10243055555556,36.11111111111109,38.10057870370371,35.938541666666666,41.34687500000001
2021-10-24,20.486574074074074,23.490393518518516,20.02534722222222,24.09189814814815,36.11111111111109,38.14791666666666,36.00694444444444,40.68148148148148
2021-10-25,20.499074074074084,23.350462962962965,20.019328703703703,23.924884259259255,36.11111111111109,38.39988425925925,36.842245370370364,38.58148148148148
2021-10-26,21.0912037037037,22.5675925925926,20.708449074074064,23.24675925925926,36.11111111111109,38.82384259259258,36.31828703703704,37.52314814814814
2021-10-27,20.303703703703707,21.56504629629629,20.042245370370367,22.178819444444443,36.11111111111109,38.59988425925925,36.1042824074074,39.07361111111111
2021-10-28,21.272222222222226,23.165393518518524,20.88414351851852,23.505092592592586,36.11111111111109,38.54108796296296,36.11157407407407,39.01099537037035
2021-10-29,23.3587962962963,25.262500000000003,23.502662037037037,25.754513888888894,36.11111111111109,38.24861111111111,36.12511574074075,38.7752314814815
2021-10-30,24.782754629629625,25.9587962962963,24.77835648148148,26.53414351851851,36.11111111111109,38.41967592592592,36.03101851851852,39.84386574074074
2021-10-31,25.716898148148147,26.528935185185187,25.734374999999996,26.71099537037038,36.11111111111109,38.534490740740736,36.25405092592593,38.278124999999996
2021-11-01,25.006828703703707,25.878819444444442,25.18865740740741,26.63541666666667,36.11111111111109,38.234259259259275,36.13715277777778,38.161805555555546
2021-11-02,24.3050925925926,25.483217592592585,24.50509259259259,26.289930555555546,36.11111111111109,38.19178240740738,36.133912037037035,38.606249999999996
2021-11-03,23.984722222222214,25.416435185185183,24.271412037037035,26.253819444444446,36.11111111111109,38.38310185185184,36.12094907407407,38.742013888888884
2021-11-04,26.934837962962963,27.948842592592598,27.04502314814816,28.4738425925926,36.11111111111109,38.42569444444444,36.11898148148148,38.822916666666664
2021-11-05,25.880902777777777,27.46134259259259,26.40300925925926,28.49270833333333,36.11111111111109,38.28321759259259,36.105092592592584,39.94965277777778
2021-11-06,26.39664351851852,28.38761574074074,27.0074074074074,29.243981481481487,36.11111111111109,38.35312499999999,36.12337962962963,38.5079861111111
2021-11-07,22.923379629629633,27.092476851851856,24.33344907407407,28.221064814814827,36.11111111111109,38.5542824074074,36.10798611111111,38.9056712962963
2021-11-08,25.851851851851848,28.01655092592593,26.247337962962963,28.880092592592586,36.11111111111109,38.387615740740735,36.12858796296296,38.6599537037037
2021-11-09,29.253009259259258,30.173958333333335,29.498611111111106,30.939930555555563,36.11111111111109,38.61840277777778,36.12314814814815,38.878125000000004
2021-11-10,27.88541666666666,29.060648148148143,28.476388888888888,30.13657407407408,36.11111111111109,38.372337962962966,36.11226851851851,38.876273148148144
2021-11-11,25.65092592592593,26.83668981481482,26.10358796296296,28.024305555555568,36.11111111111109,38.350810185185175,36.10671296296295,39.407523148148144
2021-11-12,24.394328703703703,25.365162037037035,24.75324074074075,26.399884259259256,36.11111111111109,38.70925925925925,36.106249999999996,38.98125000000001
2021-11-13,24.28518518518518,25.668865740740742,24.58113425925926,25.88495370370371,36.11111111111109,38.649537037037035,35.98935185185186,39.10752314814814
2021-11-14,24.355324074074066,25.985300925925927,24.745833333333337,26.285185185185185,36.11111111111109,38.647916666666696,35.10277777777778,40.25219907407407
2021-11-15,23.688773148148154,25.851967592592597,24.279861111111117,26.200231481481485,36.11111111111109,38.59826388888889,35.84421296296296,38.37222222222221
2021-11-16,23.868055555555543,25.784490740740747,24.212384259259256,26.18078703703703,36.11111111111109,38.882175925925914,34.91076388888889,40.67534722222222
2021-11-17,27.251157407407405,28.16053240740742,27.216898148148147,28.470138888888894,36.11111111111109,38.43344907407406,36.033564814814824,37.7420138888889
2021-11-18,27.193171296296295,28.01226851851852,27.40648148148149,28.864814814814817,36.11111111111109,38.41886574074074,36.15752314814816,38.07060185185184
2021-11-19,24.09930555555555,25.67083333333333,24.804513888888888,26.602546296296296,36.11111111111109,38.50844907407409,36.09374999999999,39.26412037037037
2021-11-20,27.587499999999995,28.449074074074073,27.663078703703718,29.01018518518519,36.11111111111109,38.89432870370369,36.105671296296286,39.103472222222216
2021-11-21,27.9587962962963,29.251041666666662,28.49965277777777,29.799768518518515,36.11111111111109,38.50486111111112,36.10196759259258,39.14791666666666
2021-11-22,24.212268518518517,27.788888888888895,25.26446759259259,28.88587962962963,36.11111111111109,38.68680555555556,36.10104166666666,39.358217592592574
2021-11-23,20.184722222222224,25.717708333333338,21.32650462962963,26.672800925925923,36.11111111111109,38.737268518518526,36.11273148148148,39.220717592592585
2021-11-24,23.139583333333334,26.28981481481482,23.157638888888894,26.947337962962962,36.11111111111109,38.66898148148148,36.10891203703704,39.085648148148145
2021-11-25,27.172337962962953,28.118634259259277,27.44722222222222,28.55717592592592,36.11111111111109,38.82233796296297,36.11168981481482,39.67511574074075
2021-11-26,28.464699074074066,29.404513888888896,28.99733796296296,30.043634259259264,36.11111111111109,38.755324074074075,36.10902777777777,39.36064814814815
2021-11-27,28.405208333333334,29.351157407407413,28.962268518518513,30.212731481481484,36.11111111111109,38.903356481481474,36.10648148148149,39.798958333333346
2021-11-28,28.19664351851853,29.06805555555556,28.72939814814815,30.072337962962962,36.11111111111109,39.01608796296296,36.10254629629629,39.7855324074074
2021-11-29,26.246296296296297,27.631828703703704,27.03333333333333,28.814004629629636,36.11111111111109,38.79884259259258,36.087615740740745,39.51550925925927
2021-11-30,24.331481481481475,26.66655092592593,24.959837962962965,27.650810185185183,36.11111111111109,38.97523148148148,36.11087962962963,39.6525462962963
2021-12-01,26.133912037037035,27.448379629629624,26.336226851851848,27.349074074074085,36.11111111111109,38.874189814814805,36.110416666666666,39.63483796296296
2021-12-02,25.54722222222223,26.784837962962964,26.007523148148138,27.68368055555555,36.11111111111109,38.89444444444444,36.09560185185184,39.83391203703703
2021-12-03,24.290046296296293,25.94340277777778,24.780902777777783,26.641550925925927,36.11111111111109,38.79895833333334,36.08472222222221,40.25289351851852
2021-12-04,27.110763888888897,28.109259259259257,27.365625000000005,28.696527777777778,36.11111111111109,38.97418981481483,36.12118055555555,39.01481481481482
2021-12-05,27.904398148148157,28.903587962962963,28.389236111111117,29.81261574074074,36.11111111111109,38.831944444444446,36.10972222222222,39.440856481481475
2021-12-06,28.65902777777777,29.588310185185183,29.121643518518525,30.472337962962968,36.11111111111109,38.969097222222224,36.126736111111114,38.35509259259259
2021-12-07,27.455092592592578,28.65381944444445,27.99537037037037,29.753587962962968,36.11111111111109,38.899884259259245,36.071296296296296,39.83113425925926
2021-12-08,27.748958333333317,28.98275462962963,28.049768518518515,29.96087962962962,36.11111111111109,39.11689814814816,36.11145833333333,39.764699074074066
2021-12-09,26.98113425925926,28.57442129629629,27.362384259259244,29.768171296296277,36.11111111111109,39.10451388888892,36.098495370370365,39.740624999999994
2021-12-10,27.48125,28.718287037037044,28.096412037037037,29.8230324074074,36.11111111111109,39.027777777777814,36.112268518518526,39.62222222222222
2021-12-11,27.910069444444442,28.97210648148149,28.46145833333334,30.08101851851853,36.11111111111109,39.027777777777814,36.13159722222223,39.05868055555553
2021-12-12,26.959143518518513,28.151388888888885,27.534606481481486,28.878587962962964,36.11111111111109,39.027777777777814,36.06909722222223,40.10104166666668
2021-12-13,23.915856481481473,25.65914351851853,24.522569444444446,26.644791666666666,36.11111111111109,39.04733796296297,36.10671296296296,39.44016203703703
2021-12-14,26.585300925925917,27.658101851851853,26.789467592592597,28.348842592592604,36.25868055555552,39.31666666666663,36.111805555555556,39.368055555555564
2021-12-15,26.316087962962953,27.6613425925926,26.94513888888889,28.70578703703704,36.39444444444441,39.31666666666663,36.105902777777764,39.378009259259265
2021-12-16,24.105671296296304,25.49513888888889,24.41736111111111,26.67025462962963,36.39444444444441,39.36481481481479,36.10219907407408,39.35983796296297
2021-12-17,23.790393518518513,25.56793981481482,23.854282407407407,26.207754629629633,36.642361111111086,39.6055555555556,35.49490740740741,39.0224537037037
2021-12-18,22.360532407407405,25.330324074074074,22.65914351851852,25.795023148148147,36.677777777777756,39.477430555555586,35.78043981481482,39.856944444444444
2021-12-19,24.386805555555558,26.493518518518524,25.027546296296297,27.077083333333324,36.58333333333332,39.12708333333336,36.05960648148148,39.99305555555555
2021-12-20,24.35127314814814,26.32986111111111,25.165740740740745,27.39467592592592,36.240972222222204,38.84537037037037,36.06944444444445,39.9712962962963
2021-12-21,25.805439814814815,26.96886574074075,26.22743055555556,27.79652777777778,36.11111111111109,39.35717592592594,36.082754629629626,39.92615740740741
2021-12-22,26.690972222222232,27.81087962962964,27.235300925925927,28.745949074074066,36.11111111111109,39.18495370370369,36.10196759259258,39.60497685185187
2021-12-23,27.069560185185193,28.051504629629633,27.478125000000002,28.791087962962973,36.11111111111109,38.93275462962964,36.076504629629625,39.77418981481481
2021-12-24,26.401504629629628,27.579166666666666,27.09085648148147,28.663888888888895,36.11111111111109,39.29965277777778,36.088657407407396,39.8568287037037
2021-12-25,26.4712962962963,27.59918981481481,27.07847222222222,28.61493055555555,36.11111111111109,39.39953703703703,36.06631944444444,40.09861111111111
2021-12-26,26.70324074074074,27.80648148148148,27.28171296296297,28.89664351851853,36.11111111111109,39.408333333333324,36.046064814814805,39.89502314814815
2021-12-27,26.798263888888897,27.95486111111111,27.44490740740741,28.86550925925926,36.11111111111109,39.322916666666664,36.03090277777777,40.22893518518519
2021-12-28,27.215393518518507,28.31446759259258,27.82256944444444,28.609722222222228,36.11111111111109,39.18437500000002,36.07939814814816,39.59421296296295
2021-12-29,25.507407407407417,27.221990740740747,26.34351851851851,27.74398148148148,36.11111111111109,39.16909722222223,36.08252314814814,39.85231481481482
2021-12-30,23.323842592592587,25.555555555555557,24.072685185185193,26.241435185185193,36.11111111111109,39.162731481481465,36.06168981481481,39.85127314814815
2021-12-31,23.615277777777788,25.68981481481482,24.3130787037037,25.9275462962963,36.11111111111109,38.764120370370364,36.106944444444444,39.94467592592593
2022-01-02,24.308449074074073,26.21921296296296,24.96666666666667,26.835648148148152,36.11111111111109,38.95613425925925,36.11064814814815,39.50243055555554
2022-01-03,26.028009259259253,27.182986111111116,26.411226851851854,27.81516203703703,36.11111111111109,39.1542824074074,36.07106481481481,40.46319444444445
2022-01-04,26.235879629629636,27.208796296296303,26.66608796296298,27.595023148148154,36.11111111111109,39.16863425925927,36.09456018518518,39.615740740740755
2022-01-05,26.26886574074075,27.383564814814818,26.847337962962964,28.3537037037037,36.11111111111109,39.24224537037038,36.08437499999999,39.62881944444445
2022-01-06,25.39004629629629,26.890509259259257,25.98703703703703,27.845138888888883,36.11111111111109,39.47847222222223,36.04363425925926,40.537962962962965
2022-01-07,26.46944444444445,27.619444444444436,26.96041666666667,28.47731481481483,36.11111111111109,39.591782407407415,36.0974537037037,39.68645833333334
2022-01-08,26.35266203703703,27.36145833333333,26.79074074074075,27.170949074074077,36.11111111111109,39.50416666666667,36.06747685185183,40.407754629629636
2022-01-09,25.957638888888894,27.037268518518527,26.55937499999999,27.160069444444446,36.11111111111109,39.46967592592591,36.1082175925926,39.52280092592591
2022-01-10,26.540740740740734,27.426504629629623,26.931828703703715,28.158101851851853,36.11111111111109,39.16527777777778,36.09733796296297,39.886111111111106
2022-01-11,25.883796296296307,26.882175925925935,26.318171296296295,27.987962962962968,36.11111111111109,39.65092592592591,36.052430555555546,40.457754629629626
2022-01-12,24.956597222222214,26.098611111111108,25.62673611111111,27.397685185185182,36.11111111111109,39.3105324074074,36.0994212962963,40.61041666666666
2022-01-13,24.771643518518516,26.521875000000012,25.31412037037037,26.75949074074075,36.11111111111109,39.353703703703715,36.11863425925926,39.53750000000001
2022-01-14,26.224074074074082,27.37974537037037,26.706250000000015,28.457986111111115,36.11111111111109,39.01608796296296,36.122685185185176,39.683796296296286
2022-01-15,25.46481481481481,26.508796296296296,25.817361111111115,27.837847222222223,36.11111111111109,39.6511574074074,36.10347222222221,40.277083333333344
2022-01-16,25.243287037037046,26.211689814814815,25.635416666666668,26.856828703703698,36.11111111111109,39.38425925925926,36.10104166666667,39.769212962962975
2022-01-17,25.13055555555555,26.172916666666662,25.67210648148149,26.686574074074073,36.11111111111109,39.95972222222223,36.094328703703695,40.12731481481482
2022-01-18,25.498495370370367,26.47280092592592,25.92349537037037,27.35497685185185,36.11111111111109,39.572685185185186,36.093865740740746,40.30694444444443
2022-01-19,25.350694444444443,26.43912037037037,25.928935185185182,27.3912037037037,36.11111111111109,39.56076388888889,36.09560185185185,39.977083333333326
2022-01-20,24.849768518518513,26.398263888888895,25.57569444444445,27.264814814814816,36.11111111111109,39.58958333333334,36.07476851851852,39.78993055555555
2022-01-21,22.795023148148147,25.99525462962964,23.99502314814815,26.860300925925923,36.11111111111109,39.53402777777779,36.08194444444444,40.481712962962966
2022-01-22,22.875,25.47847222222222,23.292592592592598,26.74837962962963,36.11111111111109,39.271875,36.10219907407407,40.00543981481482
2022-01-23,24.693634259259255,25.964699074074076,25.280092592592585,27.038888888888888,36.11111111111109,39.86759259259258,36.08703703703704,39.818865740740755
2022-01-24,25.345138888888886,26.465509259259267,25.92789351851852,26.420601851851846,36.11111111111109,39.45289351851852,36.085763888888884,39.96458333333333
2022-01-25,25.731712962962945,26.88564814814816,26.381597222222226,26.98043981481482,36.11111111111109,39.46087962962963,36.09849537037037,39.80428240740741
2022-01-26,25.88773148148149,26.95636574074074,26.4462962962963,27.85613425925926,36.11111111111109,39.56597222222222,36.08414351851851,40.19421296296296
2022-01-27,25.162499999999994,26.330439814814813,25.83831018518519,27.199421296296297,36.11111111111109,39.54444444444443,36.08541666666667,40.09166666666667
2022-01-28,25.195833333333322,26.378125,25.84826388888889,27.334953703703707,36.11111111111109,39.44618055555556,36.09837962962964,40.231481481481474
2022-01-29,25.235069444444445,26.475578703703714,25.8806712962963,26.977777777777778,36.11111111111109,39.44722222222222,36.10868055555555,40.35312499999999
2022-01-30,25.133680555555554,26.21655092592592,25.617592592592587,27.1275462962963,36.11111111111109,39.603240740740745,36.07407407407407,40.259375
2022-01-31,25.09363425925926,26.21608796296296,25.66620370370369,26.247916666666672,36.11111111111109,39.605208333333316,36.07685185185185,40.63368055555556
2022-02-01,24.715972222222224,25.93796296296297,25.45266203703704,25.56087962962965,36.11111111111109,39.517592592592585,36.10104166666666,40.7255787037037
2022-02-02,25.394791666666666,26.525925925925932,26.002662037037037,27.141782407407415,36.11111111111109,39.61539351851851,36.11898148148149,39.92256944444445
2022-02-03,24.303819444444443,26.010995370370377,25.034722222222214,26.913078703703704,36.11111111111109,39.45358796296296,36.11215277777778,39.84988425925926
2022-02-04,24.41099537037037,25.705787037037055,25.004861111111108,26.180787037037046,36.11111111111109,39.92557870370369,35.987152777777766,40.277314814814815
2022-02-05,24.996875000000003,26.179050925925925,25.56192129629631,26.957523148148145,36.11111111111109,39.92534722222221,36.07175925925926,40.65671296296296
2022-02-06,24.831828703703696,26.005902777777795,25.475810185185168,26.29745370370371,36.11111111111109,39.66805555555556,36.10104166666667,40.39456018518518
2022-02-07,25.084259259259266,26.206365740740747,25.69791666666666,26.85439814814815,36.11111111111109,39.62673611111112,36.09097222222223,40.19814814814816
2022-02-08,24.803009259259255,26.188310185185184,25.56944444444444,26.10775462962963,36.11111111111109,39.832754629629626,36.09780092592592,40.28692129629628
2022-02-09,25.656944444444438,26.8175925925926,26.12546296296296,27.685995370370375,36.11111111111109,39.68217592592593,36.10150462962963,39.969791666666666
2022-02-10,26.84606481481482,27.939120370370365,27.380787037037035,28.91585648148148,36.11111111111109,39.40902777777777,36.07453703703704,39.96585648148149
2022-02-11,27.55995370370371,28.670254629629625,28.166203703703705,29.656249999999996,36.11111111111109,39.271527777777756,36.10150462962962,39.40532407407408
2022-02-12,28.348842592592604,29.440624999999986,28.96585648148147,30.362615740740747,36.11111111111109,39.35671296296296,36.089930555555554,39.18206018518519
2022-02-13,28.322453703703705,29.498263888888886,29.051388888888894,30.581134259259258,36.11111111111109,39.27083333333333,36.04976851851851,40.496875
2022-02-14,27.332291666666677,28.51041666666667,28.001273148148147,29.265740740740743,36.11111111111109,39.592013888888886,36.09745370370371,40.461921296296296
2022-02-15,26.385879629629642,27.57395833333334,27.085416666666664,28.83113425925926,36.12164351851853,39.94918981481482,36.098958333333336,40.59803240740741
2022-02-16,26.110879629629633,27.274537037037035,26.764236111111114,28.582175925925934,36.14305555555557,39.29999999999999,36.08981481481481,40.33622685185185
2022-02-17,25.186458333333334,26.201967592592606,25.466550925925926,27.42384259259258,36.13888888888891,39.287384259259255,36.13275462962963,38.64201388888889
2022-02-18,24.67638888888889,25.81099537037038,24.965162037037032,26.699884259259267,36.13888888888891,39.154513888888886,36.05127314814812,40.28275462962963
2022-02-19,26.380787037037035,27.646296296296303,26.89085648148148,28.50243055555556,36.13888888888891,39.500231481481485,36.070717592592594,40.4445601851852
2022-02-20,26.193287037037038,27.412962962962965,26.83657407407408,28.501041666666666,36.13888888888891,39.35150462962963,36.10659722222221,40.17314814814814
2022-02-21,26.876967592592596,28.034375,27.446990740740745,28.819328703703714,36.13888888888891,39.63738425925926,36.13564814814814,39.924189814814824
2022-02-22,27.807870370370363,28.953819444444445,28.413773148148156,29.78900462962963,36.13888888888891,39.178240740740726,36.11770833333333,39.49560185185185
2022-02-23,26.620254629629624,27.946527777777774,27.30127314814816,28.604398148148153,36.13888888888891,39.12835648148148,36.08831018518517,39.18356481481481
2022-02-24,26.185763888888896,27.803472222222222,26.672222222222217,28.714583333333334,36.13888888888891,39.50636574074074,36.085069444444436,40.48356481481482
2022-02-25,26.72210648148147,28.006712962962965,27.390509259259247,28.99768518518519,36.12673611111111,39.13136574074074,36.09421296296296,40.207754629629626
2022-02-26,26.324652777777775,27.587268518518517,27.007060185185185,28.755208333333332,36.11111111111109,39.65798611111112,36.076736111111096,40.32789351851851
2022-02-27,26.535185185185185,27.724305555555556,27.174305555555552,28.807523148148153,36.11111111111109,39.863773148148155,36.09722222222221,40.09143518518518
2022-02-28,26.22951388888889,27.48715277777778,26.935069444444448,28.487152777777776,36.11111111111109,39.667129629629635,36.085300925925914,39.976736111111116
2022-03-01,25.24543209876544,26.878024691358032,26.12456790123457,27.8025925925926,36.13530864197533,39.336419753086425,36.054444444444435,40.56950617283949
2022-03-02,26.473958333333346,27.647222222222226,27.041087962962962,28.66828703703705,36.15000000000003,39.29699074074073,36.071875,40.31886574074075
2022-03-03,26.396412037037038,27.868055555555554,27.012037037037043,28.900925925925915,36.15000000000003,39.336574074074086,36.06122685185184,39.74849537037036
2022-03-04,26.39583333333334,27.64016203703704,27.08090277777777,28.75370370370371,36.15000000000003,39.091550925925944,36.091319444444444,40.2949074074074
2022-03-05,26.60659722222223,27.729976851851863,27.26180555555554,28.774884259259263,36.15000000000003,39.45300925925925,36.06747685185186,39.88750000000002
2022-03-06,27.4275462962963,28.458680555555564,28.020717592592593,29.268981481481486,36.15000000000003,39.239120370370365,36.11863425925926,39.13877314814814
2022-03-07,27.311458333333338,28.5880787037037,27.96631944444445,28.613425925925938,36.15000000000003,39.244675925925925,36.08854166666665,39.10335648148149
2022-03-08,24.61747685185186,26.165625000000006,25.322222222222223,27.053819444444446,36.15000000000003,39.4982638888889,36.03298611111112,40.510300925925925
2022-03-09,26.35185185185185,28.06886574074075,27.057175925925918,28.813773148148154,36.15000000000003,38.93125,36.09583333333333,40.02476851851852
2022-03-10,26.751388888888886,28.321759259259263,27.41898148148149,29.2005787037037,36.15000000000003,39.31435185185185,36.0962962962963,39.98981481481481
2022-03-11,26.437152777777765,28.537962962962975,27.377430555555552,29.381481481481487,36.15000000000003,39.19131944444445,36.08391203703703,39.88333333333335
2022-03-12,25.996875000000006,28.080555555555545,26.63738425925926,28.523148148148152,36.15000000000003,39.51365740740739,36.09594907407406,40.148726851851876
2022-03-13,26.20199074074074,27.82246376811595,26.913164251207732,28.417512077294692,36.15000000000003,39.198429951690834,36.07850241545892,40.57826086956523
2022-03-14,25.60011574074073,27.00057870370371,26.271180555555556,28.055671296296293,36.15000000000003,39.61898148148148,36.08958333333332,40.18391203703704
2022-03-15,24.224189814814807,25.698958333333334,24.691550925925934,26.496296296296293,36.15000000000003,39.15300925925925,36.09305555555556,39.49710648148149
2022-03-16,23.8255787037037,25.41956018518519,24.302777777777774,26.028703703703712,36.15000000000003,39.13715277777778,36.04293981481481,39.82962962962962
2022-03-17,23.61446759259259,25.31828703703704,23.88738425925926,25.97037037037036,36.15000000000003,38.94895833333332,36.12048611111111,39.30277777777777
2022-03-18,24.784374999999997,25.61111111111111,24.920138888888886,26.33460648148149,36.15000000000003,39.234374999999986,36.0835648148148,39.31527777777779
2022-03-19,24.278240740740745,25.956712962962968,24.72812500000001,26.38298611111111,36.15000000000003,38.67395833333334,36.094675925925934,39.855439814814815
2022-03-20,24.247916666666665,25.74733796296296,24.606134259259253,26.228240740740745,36.15000000000003,39.27962962962963,36.1130787037037,39.377893518518526
2022-03-21,23.323379629629628,25.200694444444448,23.815509259259258,25.603587962962962,35.78715277777777,38.57037037037036,35.917013888888896,39.00393518518519
2022-03-22,23.469560185185184,25.239814814814817,24.02326388888889,25.728935185185183,36.077777777777776,39.246874999999996,35.7974537037037,39.187268518518515
2022-03-23,23.976041666666674,25.439351851851853,24.37164351851852,26.100462962962954,36.077777777777776,39.25381944444447,35.59675925925926,39.766898148148144
2022-03-24,23.42141203703704,25.548958333333342,24.053935185185185,26.24386574074074,36.077777777777776,38.98298611111111,35.931712962962955,40.51423611111111
2022-03-25,23.987037037037037,25.506944444444443,24.4443287037037,26.17210648148148,36.077777777777776,39.04560185185185,36.11550925925925,39.15347222222223
2022-03-26,23.96608796296296,25.67349537037037,24.33645833333333,26.358680555555555,36.077777777777776,38.8912037037037,36.04525462962963,39.80023148148148
2022-03-27,22.20763888888889,24.593518518518522,22.76215277777777,25.163194444444443,36.077777777777776,39.00370370370371,36.095833333333324,39.99490740740741
2022-03-28,24.995486111111106,26.439467592592596,25.16087962962962,26.704050925925927,36.077777777777776,39.54953703703704,36.08622685185185,40.14837962962964
2022-03-29,25.24155092592593,26.66851851851851,25.815856481481486,27.219097222222228,36.077777777777776,39.30868055555555,36.08657407407408,40.182060185185186
2022-03-30,24.872453703703712,26.39872685185186,25.444097222222222,27.354513888888892,36.077777777777776,39.34641203703705,36.098958333333336,39.95208333333333
2022-03-31,23.956944444444446,25.54398148148147,24.30694444444444,26.417708333333337,36.077777777777776,39.029398148148154,36.130324074074075,38.813194444444456
2022-04-01,23.712268518518517,24.502430555555552,23.84768518518518,25.5068287037037,36.077777777777776,39.048611111111114,36.09872685185184,39.30277777777779
2022-04-02,20.783449074074074,22.113888888888884,21.051736111111108,23.123379629629625,36.077777777777776,39.05011574074074,36.06932870370371,39.666550925925925
2022-04-03,21.494444444444444,24.59155092592592,22.306018518518524,25.225347222222222,36.077777777777776,39.006597222222204,35.85405092592591,40.23599537037037
2022-04-04,18.34421296296296,21.657175925925927,19.09155092592593,22.482870370370367,36.077777777777776,39.12789351851851,35.64918981481482,41.2324074074074
2022-04-05,19.772453703703704,21.264930555555548,19.4943287037037,21.779398148148147,36.077777777777776,39.041435185185186,35.557175925925925,41.50960648148148
2022-04-06,20.346990740740743,21.41342592592592,20.54513888888889,21.896990740740744,36.077777777777776,38.92777777777777,35.41018518518519,41.91631944444444
2022-04-07,18.907407407407398,20.483101851851846,18.982523148148147,21.167708333333334,36.077777777777776,39.09895833333332,35.71064814814814,41.47164351851851
2022-04-08,20.43715277777778,21.201736111111106,20.25810185185185,21.71840277777778,36.077777777777776,39.08344907407409,36.66018518518518,38.59328703703703
2022-04-09,20.191898148148145,21.12592592592593,20.384259259259263,21.735879629629633,36.077777777777776,39.16076388888889,36.107060185185176,39.09560185185186
2022-04-10,19.494328703703705,20.471759259259255,19.702083333333327,21.22650462962963,36.077777777777776,39.08645833333333,36.19212962962963,38.81319444444444
2022-04-11,21.26226851851852,22.23958333333334,21.241203703703704,22.80856481481481,36.077777777777776,38.96365740740742,36.10289351851852,38.96238425925926
2022-04-12,23.300925925925927,24.14884259259259,23.277893518518525,24.65289351851852,36.077777777777776,38.93888888888889,36.09039351851852,39.187615740740746
2022-04-13,23.778819444444448,24.420601851851853,23.871296296296297,25.145254629629623,36.077777777777776,38.920023148148154,36.09375,39.02858796296297
2022-04-14,22.66157407407408,23.785995370370372,22.833564814814817,24.64560185185185,36.077777777777776,38.92199074074073,36.04814814814816,40.16875000000001
2022-04-15,23.553935185185182,24.233564814814812,23.50277777777778,25.08981481481482,36.077777777777776,38.786111111111126,36.12106481481482,39.04930555555554
2022-04-16,23.872453703703698,24.338773148148146,24.051273148148145,25.246527777777786,36.077777777777776,39.072222222222216,36.09548611111109,39.165625000000006
2022-04-17,20.753587962962968,21.983449074074077,21.10960648148148,22.928356481481483,36.077777777777776,39.33599537037037,36.05578703703704,40.33784722222223
2022-04-18,21.151041666666664,23.899652777777764,21.538310185185185,24.318981481481476,36.077777777777776,39.32939814814815,36.08761574074074,39.603125
2022-04-19,21.818981481481487,24.258796296296296,22.314583333333328,24.565972222222225,36.077777777777776,39.369907407407425,36.112962962962946,39.79004629629629
2022-04-20,20.619444444444447,21.977777777777778,20.7511574074074,22.713657407407407,36.077777777777776,39.297222222222224,36.05775462962962,39.87291666666666
2022-04-21,22.187731481481478,23.665046296296307,22.363425925925927,24.26354166666667,36.077777777777776,39.2908564814815,36.13356481481481,39.19143518518518
2022-04-22,22.73831018518518,23.206712962962964,22.864120370370376,24.00543981481482,36.077777777777776,39.16793981481481,36.090856481481474,39.502430555555556
2022-04-23,22.26516203703704,22.913194444444446,22.46597222222222,23.706481481481486,36.077777777777776,39.191203703703714,36.14444444444445,38.73356481481482
2022-04-24,22.520370370370372,23.668750000000003,22.689120370370365,24.20381944444445,36.077777777777776,39.04074074074074,36.11597222222222,39.35381944444445
2022-04-25,23.006944444444432,23.99803240740742,23.108912037037033,24.573611111111116,36.077777777777776,39.07569444444443,35.649189814814825,40.12905092592593
2022-04-26,22.93379629629629,24.001967592592596,22.887615740740742,24.664583333333326,36.077777777777776,38.934027777777786,35.60347222222221,39.80740740740742
2022-04-27,23.533449074074074,24.503009259259258,23.60069444444444,25.12731481481481,36.077777777777776,39.08194444444445,36.16979166666666,38.25347222222222
2022-04-28,20.654745370370375,21.96793981481481,20.949537037037043,22.914699074074075,36.077777777777776,38.780902777777776,36.08622685185186,39.61261574074074
2022-04-29,21.839583333333334,23.057407407407414,22.002199074074074,23.844675925925927,36.077777777777776,38.81539351851851,36.10555555555555,39.392939814814824
2022-04-30,22.306250000000002,23.31747685185185,22.46898148148148,23.99756944444444,36.077777777777776,38.829745370370354,36.10347222222223,38.757175925925935
2022-05-01,22.759374999999995,23.39861111111111,22.94282407407408,24.16724537037037,36.077777777777776,38.645833333333336,36.11574074074074,38.92314814814815
2022-05-02,22.712500000000002,23.547569444444438,22.96585648148148,24.089004629629628,36.07442129629633,38.67442129629628,36.10671296296297,39.255439814814814
2022-05-03,21.17453703703704,22.622222222222216,21.242245370370373,23.389004629629635,36.072222222222244,39.026851851851845,36.116782407407406,38.93298611111111
2022-05-04,20.89884259259259,22.23900462962963,20.61145833333334,22.9144675925926,36.072222222222244,39.03611111111111,36.08993055555555,39.90081018518519
2022-05-05,23.133680555555557,23.489120370370376,23.13773148148149,23.95787037037036,36.072222222222244,38.910995370370365,36.131712962962965,38.707754629629626
2022-05-06,24.599537037037027,24.683564814814815,24.495717592592595,25.163310185185182,36.072222222222244,38.25162037037037,36.11770833333333,38.75335648148148
2022-05-07,22.40798611111111,23.071064814814815,22.56203703703704,23.96921296296296,36.072222222222244,38.784837962962946,36.1025462962963,39.38599537037037
2022-05-08,22.689004629629625,23.70023148148149,22.756365740740737,24.315624999999997,36.072222222222244,38.94467592592592,36.09328703703703,39.298495370370375
2022-05-09,22.4224537037037,23.44652777777779,22.59571759259259,24.228356481481487,36.072222222222244,38.55127314814814,36.10613425925924,38.79814814814814
2022-05-10,23.232870370370367,23.98113425925926,23.30416666666667,24.642129629629636,36.072222222222244,38.91284722222223,36.099999999999994,39.18171296296297
2022-05-11,23.068981481481483,24.05277777777778,23.122800925925926,24.697222222222226,36.072222222222244,38.39791666666666,36.12349537037037,38.92199074074075
2022-05-12,23.7605324074074,25.162384259259255,23.409259259259255,25.670370370370367,36.072222222222244,38.437962962962956,36.082870370370365,38.859953703703695
2022-05-13,25.578124999999996,26.83472222222223,25.245717592592595,26.923958333333328,36.072222222222244,38.56608796296296,36.13576388888889,38.40810185185187
2022-05-14,28.188425925925937,28.961805555555557,27.891550925925923,28.876967592592596,36.072222222222244,38.419444444444444,36.11030092592592,38.47256944444444
2022-05-15,28.05636574074074,29.13032407407408,27.69872685185185,29.247337962962963,36.072222222222244,38.52812500000001,36.09930555555555,38.76284722222222
2022-05-16,27.09884259259259,28.477083333333336,26.90254629629629,28.681250000000002,36.072222222222244,38.451041666666654,36.10231481481481,39.07314814814814
2022-05-17,25.45277777777778,26.77071759259259,25.214583333333326,26.98668981481482,36.072222222222244,38.02025462962961,36.117592592592594,38.647106481481494
2022-05-18,24.863078703703707,25.972800925925927,24.62500000000001,26.689814814814813,36.072222222222244,38.56851851851854,36.10914351851853,38.77337962962963
2022-05-19,24.438078703703706,25.651736111111116,24.167824074074062,26.27569444444445,36.072222222222244,38.65613425925925,36.111805555555556,38.94259259259259
2022-05-20,25.74606481481482,26.04016203703705,25.560416666666672,26.654629629629643,36.072222222222244,38.29745370370372,36.1238425925926,38.61157407407407
2022-05-21,27.188541666666662,27.522337962962965,27.191782407407402,27.98958333333334,36.072222222222244,38.35416666666667,36.13935185185186,37.79039351851852
2022-05-22,29.26782407407408,29.618981481481484,29.24895833333333,29.81539351851852,36.072222222222244,38.26979166666666,36.125925925925934,38.07407407407407
2022-05-23,28.936342592592595,29.242129629629634,29.06030092592593,29.914120370370366,36.072222222222244,38.16736111111111,36.07766203703702,39.002893518518526
2022-05-24,27.704513888888886,28.60266203703704,27.83321759259259,29.388078703703712,36.110300925925955,38.19699074074074,36.106712962962966,38.996180555555554
2022-05-25,26.728587962962965,27.259606481481494,26.831712962962964,28.107407407407404,36.15000000000003,38.282175925925934,36.116898148148145,38.15671296296296
2022-05-26,26.776157407407407,27.319560185185185,26.804513888888895,28.156712962962967,36.15000000000003,38.24722222222223,36.11666666666667,38.74884259259259
2022-05-27,28.859606481481475,29.00011574074074,28.82777777777778,29.551388888888894,36.15000000000003,38.149305555555564,36.133449074074065,38.138194444444444
2022-05-28,29.583333333333332,29.663078703703704,29.63518518518518,30.267824074074074,36.15000000000003,38.320486111111116,36.12766203703703,38.42893518518519
2022-05-29,28.907175925925912,29.110185185185177,29.0068287037037,29.913425925925925,36.15000000000003,38.29965277777777,36.11944444444444,38.37800925925925
2022-05-30,30.22974537037038,30.38402777777777,30.35405092592592,30.944675925925917,36.15000000000003,38.07291666666666,36.11990740740742,37.932060185185186
2022-05-31,28.96087962962963,30.083912037037052,29.087499999999995,30.880902777777777,36.15000000000003,38.28969907407407,35.92280092592593,40.23483796296295
2022-06-01,24.789004629629627,26.83020833333333,24.71620370370371,27.94872685185185,36.15000000000003,38.46759259259259,35.78032407407407,40.996064814814815
2022-06-02,23.83587962962962,25.42013888888889,23.319560185185185,26.33472222222223,36.15000000000003,38.31921296296294,35.97326388888889,40.13611111111113
2022-06-03,23.63391203703704,25.19861111111112,23.185763888888886,25.895717592592593,36.15000000000003,38.19282407407407,35.94907407407407,41.83657407407407
2022-06-04,24.295370370370367,25.605902777777782,23.696296296296293,26.027893518518514,36.15000000000003,38.33159722222223,36.226157407407406,39.41944444444443
2022-06-05,25.60185185185185,26.47407407407408,25.04155092592592,26.902083333333323,36.15000000000003,38.33888888888891,36.14780092592592,39.853935185185186
2022-06-06,25.973148148148145,27.066319444444446,25.46342592592592,27.410995370370376,36.15000000000003,38.118518518518506,35.889120370370385,39.82685185185187
2022-06-07,26.93587962962963,27.835648148148156,26.452777777777783,28.208564814814817,36.15000000000003,37.933333333333344,36.125231481481485,38.74479166666668
2022-06-08,26.691782407407405,27.701273148148147,26.030787037037044,28.057175925925936,36.15000000000003,38.08981481481481,36.12256944444445,40.08275462962964
2022-06-09,27.335763888888888,28.557523148148146,26.944560185185182,29.064467592592592,36.15000000000003,38.101273148148145,36.17916666666667,39.31655092592593
2022-06-10,27.000462962962967,28.2820601851852,26.6193287037037,28.82303240740741,36.15000000000003,38.19560185185184,36.135300925925925,39.454513888888876
2022-06-11,27.09201388888889,28.280902777777772,26.66944444444445,28.890740740740743,36.15000000000003,38.18391203703705,36.09652777777777,39.79363425925926
2022-06-12,27.05914351851852,28.310416666666665,26.57488425925926,28.811574074074088,36.15000000000003,38.111805555555556,36.09050925925926,40.0875
2022-06-13,28.69340277777778,29.317013888888884,28.08148148148148,29.7255787037037,36.15000000000003,38.124884259259254,36.27534722222222,38.67407407407408
2022-06-14,29.59479166666667,29.710763888888888,29.304745370370373,30.40300925925926,36.15000000000003,37.87465277777775,36.09027777777779,39.41377314814814
2022-06-15,28.49282407407407,29.294444444444455,28.17581018518519,30.054398148148152,36.15000000000003,37.91469907407406,36.028356481481474,40.42013888888889
2022-06-16,27.740509259259266,28.851504629629634,27.30775462962963,29.26030092592593,36.15000000000003,37.90196759259258,36.39467592592591,39.06886574074075
2022-06-17,29.98738425925927,30.26597222222222,29.717129629629625,30.792013888888892,36.15000000000003,37.8722222222222,36.688425925925905,37.07696759259259
2022-06-18,27.031944444444445,27.84479166666667,27.011342592592595,28.936111111111114,36.15000000000003,38.37349537037037,36.163078703703704,37.73460648148147
2022-06-19,24.01030092592592,25.342476851851846,23.818402777777774,26.273842592592587,36.15000000000003,38.708101851851865,36.075810185185176,39.83425925925926
2022-06-20,25.16527777777777,26.210416666666656,24.74224537037037,26.81759259259259,36.15000000000003,38.56793981481483,36.116898148148145,38.3150462962963
2022-06-21,27.195717592592587,27.58113425925926,27.175925925925934,27.97789351851854,36.15000000000003,38.43935185185185,36.07777777777777,38.78009259259258
2022-06-22,27.933796296296304,28.229282407407407,27.95196759259259,28.784953703703707,36.15000000000003,38.518634259259265,36.099421296296306,38.81168981481482
2022-06-23,28.728472222222226,29.033333333333335,28.62777777777779,29.490972222222226,36.15000000000003,38.206250000000004,35.81041666666666,40.811689814814805
2022-06-24,29.568402777777774,29.75775462962964,29.42291666666667,30.13391203703704,36.15000000000003,38.27870370370369,35.975810185185175,39.86527777777778
2022-06-25,31.095717592592592,31.12060185185184,31.04652777777777,31.622685185185187,36.15000000000003,38.360185185185195,36.20983796296297,38.51967592592593
2022-06-26,32.692939814814814,32.70960648148148,32.712500000000006,33.1355324074074,36.15000000000003,38.446875000000006,36.08194444444444,39.29074074074073
2022-06-27,32.811574074074066,32.582986111111104,32.6730324074074,33.040625,36.15000000000003,38.43969907407406,36.1130787037037,39.56770833333333
2022-06-28,31.503125,31.4619212962963,31.33483796296296,32.10358796296297,36.15000000000003,38.19907407407408,36.1400462962963,38.84189814814815
2022-06-29,31.513194444444437,31.530324074074073,31.448958333333326,31.95972222222223,36.15000000000003,38.31851851851852,36.04560185185186,39.48344907407407
2022-06-30,30.643749999999997,30.854861111111116,30.532523148148144,31.49247685185185,36.15000000000003,38.24571759259259,36.13530092592595,39.2738425925926
2022-07-01,30.727430555555546,31.629861111111115,30.35648148148148,32.02719907407407,36.15000000000003,38.021643518518516,36.15844907407408,38.717939814814805
2022-07-02,31.073032407407407,32.012962962962966,30.668402777777782,32.41770833333334,36.15000000000003,38.34016203703706,36.13506944444444,39.25937499999999
2022-07-03,30.948726851851855,31.71388888888889,30.59027777777777,32.1775462962963,36.15000000000003,38.52199074074075,36.13715277777778,39.17002314814815
2022-07-04,30.339004629629628,31.1306712962963,30.053935185185182,31.523148148148152,36.15000000000003,38.65104166666666,36.050925925925924,39.36041666666666
2022-07-05,29.464467592592587,30.79074074074074,29.192939814814817,31.095138888888886,36.15000000000003,38.365856481481494,36.04421296296296,40.5068287037037
2022-07-06,29.15370370370371,30.262037037037032,28.530671296296294,30.48032407407408,36.15000000000003,38.55509259259258,36.178935185185175,38.704861111111114
2022-07-07,29.1454861111111,30.32002314814814,28.78402777777778,30.37534722222223,36.15000000000003,38.06331018518518,36.078587962962956,39.57418981481482
2022-07-08,29.186111111111117,30.147222222222215,28.531828703703713,30.183333333333326,36.15000000000003,38.43113425925926,36.21562500000002,38.69456018518516
2022-07-09,30.163194444444454,31.001273148148144,29.85659722222222,31.063773148148154,36.15000000000003,37.89340277777777,36.12118055555555,39.31909722222222
2022-07-10,28.529861111111106,29.845486111111104,28.102546296296296,30.09849537037036,36.15000000000003,38.3716435185185,36.12986111111112,39.768055555555556
2022-07-11,29.063194444444434,30.229861111111116,28.49328703703704,30.416319444444454,36.15000000000003,38.20266203703704,36.602546296296296,38.476388888888884
2022-07-12,30.19236111111111,31.079629629629625,29.69560185185186,31.29687499999999,36.15000000000003,38.16400462962962,36.25162037037039,37.53043981481483
2022-07-13,31.590509259259267,32.22523148148147,31.223148148148145,32.408796296296295,36.15000000000003,37.909143518518505,36.13425925925925,37.27650462962963
2022-07-14,31.392476851851853,32.100925925925914,31.029398148148136,32.59548611111111,36.15000000000003,37.928703703703704,36.12835648148148,37.777083333333344
2022-07-15,30.79074074074074,31.584606481481472,30.45775462962963,32.14756944444444,36.15000000000003,38.08622685185183,36.122453703703705,37.897453703703704
2022-07-16,30.626851851851853,31.66435185185186,30.194444444444446,32.1210648148148,36.15000000000003,38.13055555555557,36.11215277777777,38.057175925925925
2022-07-17,31.376504629629622,32.377430555555556,30.921759259259275,32.65787037037037,36.15000000000003,37.91087962962961,36.0505787037037,39.192361111111104
2022-07-18,30.60405092592593,32.23645833333333,30.20532407407407,32.65393518518518,36.15000000000003,37.975231481481465,36.16863425925926,38.38981481481482
2022-07-19,31.37222222222222,32.14756944444445,30.84583333333333,32.48703703703704,36.06145833333336,37.98912037037036,35.91238425925926,38.09791666666666
2022-07-20,33.46921296296295,34.023611111111116,33.07476851851852,34.244675925925925,36.15000000000003,37.81006944444446,36.23981481481482,38.32453703703702
2022-07-21,33.78726851851852,34.559953703703705,33.42592592592592,34.9361111111111,36.15000000000003,37.79189814814817,36.38645833333333,38.137731481481474
2022-07-22,34.566319444444446,34.69722222222222,34.23437500000001,35.40127314814816,36.15000000000003,37.57974537037038,36.24340277777778,38.08368055555556
2022-07-23,34.731365740740735,35.15844907407407,34.450462962962966,35.76215277777777,36.15000000000003,37.68472222222224,36.28645833333334,37.930787037037014
2022-07-24,34.604050925925925,35.520949074074075,34.30868055555555,35.698495370370374,36.15000000000003,37.84768518518517,36.22847222222223,37.907175925925934
2022-07-25,33.935532407407415,34.545486111111124,33.53668981481482,34.82511574074075,36.15000000000003,38.087037037037035,36.075115740740735,39.61851851851852
2022-07-26,32.773148148148145,33.050810185185185,32.47372685185184,33.8699074074074,36.15000000000003,38.11111111111111,36.00925925925926,41.203472222222224
2022-07-27,31.63217592592592,32.014814814814834,31.249421296296287,32.896875,36.15000000000003,37.76481481481481,36.03993055555556,40.25706018518519
2022-07-28,31.61284722222223,32.30636574074074,31.142129629629633,33.044444444444444,36.15000000000003,37.98981481481483,36.2494212962963,39.58587962962964
2022-07-29,30.930555555555554,33.71481481481482,30.951851851851853,33.80277777777778,36.15,36.62222222222223,36.12499999999999,38.18888888888889
2022-07-30,NaN,NaN,NaN,NaN,NaN,NaN,NaN,NaN
2022-07-31,NaN,NaN,NaN,NaN,NaN,NaN,NaN,NaN
2022-08-01,NaN,NaN,NaN,NaN,NaN,NaN,NaN,NaN
2022-08-02,NaN,NaN,NaN,NaN,NaN,NaN,NaN,NaN
2022-08-03,NaN,NaN,NaN,NaN,NaN,NaN,NaN,NaN
2022-08-04,NaN,NaN,NaN,NaN,NaN,NaN,NaN,NaN
2022-08-05,NaN,NaN,NaN,NaN,NaN,NaN,NaN,NaN
2022-08-06,NaN,NaN,NaN,NaN,NaN,NaN,NaN,NaN
2022-08-07,NaN,NaN,NaN,NaN,NaN,NaN,NaN,NaN
2022-08-08,NaN,NaN,NaN,NaN,NaN,NaN,NaN,NaN
2022-08-09,NaN,NaN,NaN,NaN,NaN,NaN,NaN,NaN
2022-08-10,NaN,NaN,NaN,NaN,NaN,NaN,NaN,NaN
2022-08-11,NaN,NaN,NaN,NaN,NaN,NaN,NaN,NaN
2022-08-12,NaN,NaN,NaN,NaN,NaN,NaN,NaN,NaN
2022-08-13,NaN,NaN,NaN,NaN,NaN,NaN,NaN,NaN
2022-08-14,NaN,NaN,NaN,NaN,NaN,NaN,NaN,NaN
2022-08-15,NaN,NaN,NaN,NaN,NaN,NaN,NaN,NaN
2022-08-16,NaN,NaN,NaN,NaN,NaN,NaN,NaN,NaN
2022-08-17,NaN,NaN,NaN,NaN,NaN,NaN,NaN,NaN
2022-08-18,NaN,NaN,NaN,NaN,NaN,NaN,NaN,NaN
2022-08-19,NaN,NaN,NaN,NaN,NaN,NaN,NaN,NaN
2022-08-20,NaN,NaN,NaN,NaN,NaN,NaN,NaN,NaN
2022-08-21,NaN,NaN,NaN,NaN,NaN,NaN,NaN,NaN
2022-08-22,NaN,NaN,NaN,NaN,NaN,NaN,NaN,NaN
2022-08-23,NaN,NaN,NaN,NaN,NaN,NaN,NaN,NaN
2022-08-24,NaN,NaN,NaN,NaN,NaN,NaN,NaN,NaN
2022-08-25,NaN,NaN,NaN,NaN,NaN,NaN,NaN,NaN
2022-08-26,NaN,NaN,NaN,NaN,NaN,NaN,NaN,NaN
2022-08-27,NaN,NaN,NaN,NaN,NaN,NaN,NaN,NaN
2022-08-28,NaN,NaN,NaN,NaN,NaN,NaN,NaN,NaN
2022-08-29,NaN,NaN,NaN,NaN,NaN,NaN,NaN,NaN
2022-08-30,NaN,NaN,NaN,NaN,NaN,NaN,NaN,NaN
2022-08-31,NaN,NaN,NaN,NaN,NaN,NaN,NaN,NaN
2022-09-01,NaN,NaN,NaN,NaN,NaN,NaN,NaN,NaN
2022-09-02,NaN,NaN,NaN,NaN,NaN,NaN,NaN,NaN
2022-09-03,NaN,NaN,NaN,NaN,NaN,NaN,NaN,NaN
2022-09-04,NaN,NaN,NaN,NaN,NaN,NaN,NaN,NaN
2022-09-05,NaN,NaN,NaN,NaN,NaN,NaN,NaN,NaN
2022-09-06,NaN,NaN,NaN,NaN,NaN,NaN,NaN,NaN
2022-09-07,NaN,NaN,NaN,NaN,NaN,NaN,NaN,NaN
2022-09-08,NaN,NaN,NaN,NaN,NaN,NaN,NaN,NaN
2022-09-09,NaN,NaN,NaN,NaN,NaN,NaN,NaN,NaN
2022-09-10,NaN,NaN,NaN,NaN,NaN,NaN,NaN,NaN
2022-09-11,NaN,NaN,NaN,NaN,NaN,NaN,NaN,NaN
2022-09-12,NaN,NaN,NaN,NaN,NaN,NaN,NaN,NaN
2022-09-13,NaN,NaN,NaN,NaN,NaN,NaN,NaN,NaN
2022-09-14,NaN,NaN,NaN,NaN,NaN,NaN,NaN,NaN
2022-09-15,NaN,NaN,NaN,NaN,NaN,NaN,NaN,NaN
2022-09-16,NaN,NaN,NaN,NaN,NaN,NaN,NaN,NaN
2022-09-17,NaN,NaN,NaN,NaN,NaN,NaN,NaN,NaN
2022-09-18,NaN,NaN,NaN,NaN,NaN,NaN,NaN,NaN
2022-09-19,NaN,NaN,NaN,NaN,NaN,NaN,NaN,NaN
2022-09-20,NaN,NaN,NaN,NaN,NaN,NaN,NaN,NaN
2022-09-21,NaN,NaN,NaN,NaN,NaN,NaN,NaN,NaN
2022-09-22,NaN,NaN,NaN,NaN,NaN,NaN,NaN,NaN
2022-09-23,NaN,NaN,NaN,NaN,NaN,NaN,NaN,NaN
2022-09-24,NaN,NaN,NaN,NaN,NaN,NaN,NaN,NaN
2022-09-25,NaN,NaN,NaN,NaN,NaN,NaN,NaN,NaN
2022-09-26,NaN,NaN,NaN,NaN,NaN,NaN,NaN,NaN
2022-09-27,NaN,NaN,NaN,NaN,NaN,NaN,NaN,NaN
2022-09-28,NaN,NaN,NaN,NaN,NaN,NaN,NaN,NaN
2022-09-29,NaN,NaN,NaN,NaN,NaN,NaN,NaN,NaN
2022-09-30,NaN,NaN,NaN,NaN,NaN,NaN,NaN,NaN
2022-10-01,NaN,NaN,NaN,NaN,NaN,NaN,NaN,NaN
2022-10-02,NaN,NaN,NaN,NaN,NaN,NaN,NaN,NaN
2022-10-03,NaN,NaN,NaN,NaN,NaN,NaN,NaN,NaN
2022-10-04,NaN,NaN,NaN,NaN,NaN,NaN,NaN,NaN
2022-10-05,NaN,NaN,NaN,NaN,NaN,NaN,NaN,NaN
2022-10-06,NaN,NaN,NaN,NaN,NaN,NaN,NaN,NaN
2022-10-07,NaN,NaN,NaN,NaN,NaN,NaN,NaN,NaN
2022-10-08,NaN,NaN,NaN,NaN,NaN,NaN,NaN,NaN
2022-10-09,NaN,NaN,NaN,NaN,NaN,NaN,NaN,NaN
2022-10-10,NaN,NaN,NaN,NaN,NaN,NaN,NaN,NaN
2022-10-11,NaN,NaN,NaN,NaN,NaN,NaN,NaN,NaN
2022-10-12,NaN,NaN,NaN,NaN,NaN,NaN,NaN,NaN
2022-10-13,NaN,NaN,NaN,NaN,NaN,NaN,NaN,NaN
2022-10-14,NaN,NaN,NaN,NaN,NaN,NaN,NaN,NaN
2022-10-15,NaN,NaN,NaN,NaN,NaN,NaN,NaN,NaN
2022-10-16,NaN,NaN,NaN,NaN,NaN,NaN,NaN,NaN
2022-10-17,NaN,NaN,NaN,NaN,NaN,NaN,NaN,NaN
2022-10-18,NaN,NaN,NaN,NaN,NaN,NaN,NaN,NaN
2022-10-19,NaN,NaN,NaN,NaN,NaN,NaN,NaN,NaN
2022-10-20,NaN,NaN,NaN,NaN,NaN,NaN,NaN,NaN
2022-10-21,NaN,NaN,NaN,NaN,NaN,NaN,NaN,NaN
2022-10-22,NaN,NaN,NaN,NaN,NaN,NaN,NaN,NaN
2022-10-23,NaN,NaN,NaN,NaN,NaN,NaN,NaN,NaN
2022-10-24,NaN,NaN,NaN,NaN,NaN,NaN,NaN,NaN
2022-10-25,NaN,NaN,NaN,NaN,NaN,NaN,NaN,NaN
2022-10-26,NaN,NaN,NaN,NaN,NaN,NaN,NaN,NaN
2022-10-27,NaN,NaN,NaN,NaN,NaN,NaN,NaN,NaN
2022-10-28,NaN,NaN,NaN,NaN,NaN,NaN,NaN,NaN
2022-10-29,NaN,NaN,NaN,NaN,NaN,NaN,NaN,NaN
2022-10-30,NaN,NaN,NaN,NaN,NaN,NaN,NaN,NaN
2022-10-31,NaN,NaN,NaN,NaN,NaN,NaN,NaN,NaN
2022-11-01,NaN,NaN,NaN,NaN,NaN,NaN,NaN,NaN
2022-11-02,NaN,NaN,NaN,NaN,NaN,NaN,NaN,NaN
2022-11-03,NaN,NaN,NaN,NaN,NaN,NaN,NaN,NaN
2022-11-04,NaN,NaN,NaN,NaN,NaN,NaN,NaN,NaN
2022-11-05,NaN,NaN,NaN,NaN,NaN,NaN,NaN,NaN
2022-11-06,NaN,NaN,NaN,NaN,NaN,NaN,NaN,NaN
2022-11-07,NaN,NaN,NaN,NaN,NaN,NaN,NaN,NaN
2022-11-08,NaN,NaN,NaN,NaN,NaN,NaN,NaN,NaN
2022-11-09,NaN,NaN,NaN,NaN,NaN,NaN,NaN,NaN
2022-11-10,NaN,NaN,NaN,NaN,NaN,NaN,NaN,NaN
2022-11-11,NaN,NaN,NaN,NaN,NaN,NaN,NaN,NaN
2022-11-12,NaN,NaN,NaN,NaN,NaN,NaN,NaN,NaN
2022-11-13,NaN,NaN,NaN,NaN,NaN,NaN,NaN,NaN
2022-11-14,NaN,NaN,NaN,NaN,NaN,NaN,NaN,NaN
2022-11-15,NaN,NaN,NaN,NaN,NaN,NaN,NaN,NaN
2022-11-16,NaN,NaN,NaN,NaN,NaN,NaN,NaN,NaN
2022-11-17,NaN,NaN,NaN,NaN,NaN,NaN,NaN,NaN
2022-11-18,NaN,NaN,NaN,NaN,NaN,NaN,NaN,NaN
2022-11-19,NaN,NaN,NaN,NaN,NaN,NaN,NaN,NaN
2022-11-20,NaN,NaN,NaN,NaN,NaN,NaN,NaN,NaN
2022-11-21,NaN,NaN,NaN,NaN,NaN,NaN,NaN,NaN
2022-11-22,NaN,NaN,NaN,NaN,NaN,NaN,NaN,NaN
2022-11-23,NaN,NaN,NaN,NaN,NaN,NaN,NaN,NaN
2022-11-24,NaN,NaN,NaN,NaN,NaN,NaN,NaN,NaN
2022-11-25,NaN,NaN,NaN,NaN,NaN,NaN,NaN,NaN
2022-11-26,NaN,NaN,NaN,NaN,NaN,NaN,NaN,NaN
2022-11-27,NaN,NaN,NaN,NaN,NaN,NaN,NaN,NaN
2022-11-28,NaN,NaN,NaN,NaN,NaN,NaN,NaN,NaN
2022-11-29,NaN,NaN,NaN,NaN,NaN,NaN,NaN,NaN
2022-11-30,NaN,NaN,NaN,NaN,NaN,NaN,NaN,NaN
2022-12-01,NaN,NaN,NaN,NaN,NaN,NaN,NaN,NaN
2022-12-02,NaN,NaN,NaN,NaN,NaN,NaN,NaN,NaN
2022-12-03,NaN,NaN,NaN,NaN,NaN,NaN,NaN,NaN
2022-12-04,NaN,NaN,NaN,NaN,NaN,NaN,NaN,NaN
2022-12-05,NaN,NaN,NaN,NaN,NaN,NaN,NaN,NaN
2022-12-06,NaN,NaN,NaN,NaN,NaN,NaN,NaN,NaN
2022-12-07,NaN,NaN,NaN,NaN,NaN,NaN,NaN,NaN
2022-12-08,NaN,NaN,NaN,NaN,NaN,NaN,NaN,NaN
2022-12-09,NaN,NaN,NaN,NaN,NaN,NaN,NaN,NaN
2022-12-10,NaN,NaN,NaN,NaN,NaN,NaN,NaN,NaN
2022-12-11,NaN,NaN,NaN,NaN,NaN,NaN,NaN,NaN
2022-12-12,NaN,NaN,NaN,NaN,NaN,NaN,NaN,NaN
2022-12-13,NaN,NaN,NaN,NaN,NaN,NaN,NaN,NaN
2022-12-14,NaN,NaN,NaN,NaN,NaN,NaN,NaN,NaN
2022-12-15,NaN,NaN,NaN,NaN,NaN,NaN,NaN,NaN
2022-12-16,NaN,NaN,NaN,NaN,NaN,NaN,NaN,NaN
2022-12-17,NaN,NaN,NaN,NaN,NaN,NaN,NaN,NaN
2022-12-18,NaN,NaN,NaN,NaN,NaN,NaN,NaN,NaN
2022-12-19,NaN,NaN,NaN,NaN,NaN,NaN,NaN,NaN
2022-12-20,NaN,NaN,NaN,NaN,NaN,NaN,NaN,NaN
2022-12-21,NaN,NaN,NaN,NaN,NaN,NaN,NaN,NaN
2022-12-22,NaN,NaN,NaN,NaN,NaN,NaN,NaN,NaN
2022-12-23,NaN,NaN,NaN,NaN,NaN,NaN,NaN,NaN
2022-12-24,NaN,NaN,NaN,NaN,NaN,NaN,NaN,NaN
2022-12-25,NaN,NaN,NaN,NaN,NaN,NaN,NaN,NaN
2022-12-26,NaN,NaN,NaN,NaN,NaN,NaN,NaN,NaN
2022-12-27,NaN,NaN,NaN,NaN,NaN,NaN,NaN,NaN
2022-12-28,NaN,NaN,NaN,NaN,NaN,NaN,NaN,NaN
2022-12-29,NaN,NaN,NaN,NaN,NaN,NaN,NaN,NaN
2022-12-30,NaN,NaN,NaN,NaN,NaN,NaN,NaN,NaN
2022-12-31,NaN,NaN,NaN,NaN,NaN,NaN,NaN,NaN
