index,time,dig_tfeed,dig_PSSO,SSO_mass_kg,AE_raw_MJ,AH_raw_MJ,ng_energy_MJ,steel_raw_const
2565,2018-01-08,92.0,48.86,194951.40000000002,54691.862278481014,234411.365721519,5.7060396608957555e6,0.0011293
2566,2018-01-09,85.0,0.53585,2138.0415000000003,42473.75426160339,252115.7104050633,102981.70130711727,0.0011293
2567,2018-01-10,72.0,61.68,246103.2,54179.57805907173,264375.08860759495,9.190114380662853e6,0.0011293
2568,2018-01-11,68.0,68.57,273594.3,51050.630886075945,259631.96511392406,1.0816463461393703e7,0.0011293
2573,2018-01-16,204.0,65.47,261225.30000000002,69294.56573839665,251187.6015949367,3.4432196759969504e6,0.0011293
2574,2018-01-17,206.0,70.61,281733.9,71476.53603375527,277854.8226329114,3.6747248033172702e6,0.0011293
2576,2018-01-19,62.0,71.99,287240.10000000003,54455.78767932491,270567.79298734176,1.2447473012070915e7,0.0011293
2579,2018-01-22,126.0,82.51,329214.9,11900.26329113925,231614.75670886078,7.071884099846131e6,0.0011293
2580,2018-01-23,184.0,40.50085,161598.3915,20846.176540084387,245414.2221265823,2.411743171567394e6,0.0011293
2581,2018-01-24,157.0,28.34123,113081.5077,28292.157974683552,244212.05402531647,1.9808224492551342e6,0.0011293
2582,2018-01-25,146.0,38.76329,154665.5271,48988.615696202534,266083.5003037975,2.86994527763546e6,0.0011293
2583,2018-01-26,162.0,61.59,245744.1,85083.04202531646,297890.76597468357,4.0618184741152576e6,0.0011293
2586,2018-01-29,155.0,82.17,327858.30000000005,62009.381603375536,213621.34706329115,5.688655665523276e6,0.0011293
2587,2018-01-30,148.0,78.36,312656.4,52419.250632911404,271120.7693670886,5.690841876805862e6,0.0011293
2588,2018-01-31,151.0,72.59,289634.10000000003,78032.15392405064,289323.75007594936,5.144466888701086e6,0.0011293
2589,2018-02-01,166.0,75.57,301524.3,107255.11054852321,320354.7327848101,4.843268110606476e6,0.0011293
2590,2018-02-02,171.0,17.729080000000003,70739.0292,95553.25097046414,306406.8196962025,1.0931004391161404e6,0.0011293
2593,2018-02-05,156.0,30.6612,122338.18800000001,61825.91324894516,276907.46541772154,2.1196285420051934e6,0.0011293
2595,2018-02-07,200.0,50.4,201096.0,93319.16725738396,311844.3880759494,2.682257030405462e6,0.0011293
2597,2018-02-09,158.0,34.61,138093.9,107133.41974683544,317697.48425316456,2.316242825431604e6,0.0011293
2601,2018-02-13,146.0,12.2,48678.0,78145.91628691983,295358.06837974687,894826.5818010343,0.0011293
2602,2018-02-14,143.0,9.84756,39291.7644,42805.998649789035,259209.2486835443,772024.5738053877,0.0011293
2603,2018-02-15,125.0,17.44629,69610.6971,44486.505991561186,261693.94334177216,1.5269153814680655e6,0.0011293
2604,2018-02-16,97.0,20.6011,82198.389,45730.049282700435,262060.1980506329,2.3047644282140466e6,0.0011293
2608,2018-02-20,128.0,21.72168,86669.5032,53496.961012658234,262863.33698734175,1.8405126375914547e6,0.0011293
2609,2018-02-21,97.0,22.079369999999997,88096.6863,59000.34666666668,276691.138,2.45488680979119e6,0.0011293
2610,2018-02-22,96.0,25.5825,102074.175,82483.88590717301,295356.58875949366,2.847798563072285e6,0.0011293
2611,2018-02-23,131.0,24.069209999999998,96036.1479,111057.05350210972,325754.02716455696,1.9345477314744869e6,0.0011293
2614,2018-02-26,140.0,20.06394,80055.1206,114120.92320675106,318586.90012658224,1.499076204315834e6,0.0011293
2615,2018-02-27,132.0,17.21044,68669.6556,117577.57198312238,342265.93268354435,1.3573414676784808e6,0.0011293
2616,2018-02-28,152.0,15.35848,61280.3352,94916.46886075952,315094.15713924053,1.0655150078096506e6,0.0011293
2618,2018-03-02,152.0,39.24105,156571.7895,93447.0936708861,306891.91632911394,2.7480932731650546e6,0.0011293
2622,2018-03-06,156.0,18.84477,75190.63230000001,84450.22413502111,304889.5685316456,1.2871136342785235e6,0.0011293
2625,2018-03-09,189.0,18.75302,74824.54980000001,75375.80590717301,306196.4107594937,1.0650906200667445e6,0.0011293
2628,2018-03-12,176.0,16.515810000000002,65898.0819,99062.5488607595,322521.38513924053,984405.4221835248,0.0011293
2629,2018-03-13,159.0,11.5054,45906.546,94405.92033755276,314596.37232911395,759130.6477417485,0.0011293
2630,2018-03-14,180.0,15.21385,60703.26150000001,88813.67189873419,298989.5301012659,894694.4158450117,0.0011293
2631,2018-03-15,162.0,20.149919999999998,80398.1808,92485.4170464135,315262.4816202532,1.3176097520382516e6,0.0011293
2632,2018-03-16,162.0,20.133080000000003,80330.98920000001,87045.41603375529,309112.28063291137,1.3218015221784445e6,0.0011293
2636,2018-03-20,153.0,13.34129,53231.74710000001,55084.062784810136,275411.36121518986,956219.1944245663,0.0011293
2639,2018-03-23,175.0,34.91139,139296.4461,89851.7400843882,307617.44658227847,2.123840490434687e6,0.0011293
2642,2018-03-26,143.0,22.03398,87915.5802,119552.41721518988,338268.0067848101,1.6090144090674021e6,0.0011293
2643,2018-03-27,145.0,20.32541,81098.38590000001,120008.62379746836,342097.60820253164,1.4597537381835128e6,0.0011293
2644,2018-03-28,155.0,23.0273,91878.927,122774.19139240508,343101.6366075949,1.546805454320819e6,0.0011293
2646,2018-03-30,141.0,24.39702,97344.1098,96684.14616033755,315125.2425063291,1.8340122035782284e6,0.0011293
2649,2018-04-02,151.0,16.81009,67072.25910000001,89296.47088607596,311307.05911392404,1.1810128792219139e6,0.0011293
2651,2018-04-04,162.0,21.704369999999997,86600.4363,105591.57434599158,325502.3849873418,1.4074979494045435e6,0.0011293
2652,2018-04-05,158.0,21.8863,87326.337,103742.96270042195,320315.1886329114,1.4579118046600337e6,0.0011293
2653,2018-04-06,153.0,25.38337,101279.64630000001,103988.61569620253,319708.5003037975,1.7506649314466189e6,0.0011293
2658,2018-04-11,166.0,25.12618,100253.45820000001,98620.50632911392,307704.9936708861,1.6003067558440205e6,0.0011293
2659,2018-04-12,175.0,26.083380000000002,104072.68620000001,103661.44978902955,325312.9135443038,1.5706260483686007e6,0.0011293
2660,2018-04-13,163.0,25.79393,102917.7807,120660.6842194093,336809.96711392404,1.652456983369141e6,0.0011293
2666,2018-04-19,164.0,25.019779999999997,99828.9222,104850.65113924052,329010.9848607595,1.6070409083607204e6,0.0011293
2667,2018-04-20,165.0,23.59396,94139.9004,104357.65232067512,325991.71101265826,1.505169805107906e6,0.0011293
2670,2018-04-23,143.0,19.15341,76422.10590000001,85562.45535864978,301742.9939746836,1.426623366191736e6,0.0011293
2671,2018-04-24,149.0,21.264740000000003,84846.3126,100534.77400843882,314648.6046582279,1.5059298840973768e6,0.0011293
2672,2018-04-25,136.0,22.87117,91255.9683,93198.05502109705,299033.3036455696,1.7854309172523012e6,0.0011293
2673,2018-04-26,157.0,34.36595,137120.1405,113365.25738396624,343236.12594936707,2.308463067646891e6,0.0011293
2674,2018-04-27,158.0,35.906949999999995,143268.7305,135858.83476793248,357551.56389873417,2.3760637513649445e6,0.0011293
2677,2018-04-30,164.0,21.92293,87472.49070000001,126044.07189873418,352213.17010126583,1.3843341477404847e6,0.0011293
2678,2018-05-01,142.0,23.054479999999998,91987.37520000001,113583.73940928269,344295.34592405066,1.7033379957407685e6,0.0011293
2679,2018-05-02,162.0,26.065549999999998,104001.5445,100106.27409282702,333693.41724050633,1.7008888087171442e6,0.0011293
2680,2018-05-03,153.0,26.526889999999998,105842.2911,95316.64067510549,318022.9246582278,1.8390888367623175e6,0.0011293
2681,2018-05-04,149.0,26.21698,104605.75020000001,101777.73873417723,325168.6952658228,1.8603356195711275e6,0.0011293
2684,2018-05-07,153.0,22.17188,88465.8012,99894.0276793249,325024.47698734177,1.530070986048648e6,0.0011293
2685,2018-05-08,167.0,27.51541,109786.4859,126291.417721519,355839.13227848103,1.7167066860192353e6,0.0011293
2686,2018-05-09,179.0,28.589869999999998,114073.5813,118014.53603375527,344384.3726329114,1.6708186299857264e6,0.0011293
2687,2018-05-10,171.0,26.42,105415.8,18277.57704641351,249679.43762025316,1.7122420948444568e6,0.0011293
2688,2018-05-11,154.0,26.42,105415.8,15722.027341772155,228571.37665822785,1.8972211066683133e6,0.0011293
2692,2018-05-15,157.0,26.03,103859.70000000001,6574.603206751064,221345.03812658228,1.8444858881191514e6,0.0011293
2693,2018-05-16,157.0,26.02,103819.8,9251.308016877641,220570.0253164557,1.8411945972406154e6,0.0011293
2694,2018-05-17,153.0,26.02,103819.8,9312.421265822783,234168.8107341772,1.8874950797418358e6,0.0011293
2695,2018-05-18,171.0,26.03,103859.70000000001,15485.417046413499,240187.48162025318,1.6905618363083177e6,0.0011293
2699,2018-05-22,156.0,24.77,98832.3,10631.24185654009,237147.0608101266,1.7654822560283558e6,0.0011293
2702,2018-05-25,177.0,19.67,78483.3,23417.04742616034,235227.82124050634,1.2431572261799113e6,0.0011293
2706,2018-05-29,164.0,16.84,67191.6,15464.481687763728,234243.66964556964,1.1605312113416705e6,0.0011293
2707,2018-05-30,157.0,18.03,71939.7,13969.62835443038,231939.98764556964,1.2920727876702524e6,0.0011293
2708,2018-05-31,156.0,21.69,86543.1,15723.720168776374,232804.02716455696,1.54926842064214e6,0.0011293
2709,2018-06-01,191.0,20.13,80318.7,407.2216033755324,252564.64106329114,1.204205231073563e6,0.0011293
2713,2018-06-05,168.0,23.32,93046.8,22196.71088607595,234884.19311392406,1.5405077107568753e6,0.0011293
2714,2018-06-06,168.0,28.8,114912.0,27046.921856540088,239613.1488101266,1.8847897750473234e6,0.0011293
2715,2018-06-07,185.0,28.8,114912.0,15302.034430379761,234085.28356962025,1.727691232253243e6,0.0011293
2716,2018-06-08,184.0,26.23,104657.70000000001,16297.65333333333,240979.412,1.5863274405474646e6,0.0011293
2719,2018-06-11,202.0,0.0,0.0,18788.168438818568,215483.0642278481,58623.56042968614,0.0011293
2720,2018-06-12,207.0,0.0,0.0,24428.523206751062,235367.81012658228,53124.21453095196,0.0011293
2721,2018-06-13,209.0,0.0,0.0,37696.01350210971,231379.61316455697,40188.41149297728,0.0011293
2722,2018-06-14,207.0,7.88,31441.2,31001.690801687768,244315.24853164557,454024.1217614255,0.0011293
2723,2018-06-15,174.0,7.13,28448.7,15509.780928270051,219902.4364050633,500257.9446464739,0.0011293
2726,2018-06-18,161.0,0.01,39.900000000000006,4478.645738396625,212531.87959493673,73239.91698259751,0.0011293
2727,2018-06-19,178.0,19.51,77844.90000000001,3559.418396624484,222636.23293670887,1.2462207510641427e6,0.0011293
2728,2018-06-20,215.0,18.03,71939.7,16764.6383122363,225356.9223544304,957870.5983652023,0.0011293
2729,2018-06-21,214.0,18.02,71899.8,49012.486751054865,186563.9745822785,930121.8340669902,0.0011293
2730,2018-06-22,211.0,18.02,71899.8,26480.33856540085,238214.53010126585,964900.6356663689,0.0011293
2733,2018-06-25,197.0,14.86,59291.4,20156.78818565401,226971.86848101267,864376.3316704949,0.0011293
2734,2018-06-26,198.0,0.0,0.0,30088.699071729963,246809.8815949367,47605.54306259753,0.0011293
2735,2018-06-27,177.0,0.0,0.0,41912.82801687764,253261.20731645572,36077.01734107854,0.0011293
2736,2018-06-28,168.0,22.18,88498.20000000001,40907.00928270043,255665.33405063293,1.4496606875601697e6,0.0011293
2740,2018-07-02,218.0,30.44,121455.6,-1098.367257383959,235018.89192405064,1.5737065888618429e6,0.0011293
2741,2018-07-03,220.0,41.51,165624.90000000002,18875.87409282702,237569.77724050634,2.077359522085663e6,0.0011293
2743,2018-07-05,226.0,19.02,75889.8,18003.63881856541,237565.54784810127,959859.9037396573,0.0011293
2744,2018-07-06,226.0,21.09,84149.1,2547.942616033765,222496.24405063293,1.0729300410673867e6,0.0011293
2747,2018-07-09,240.0,19.04,75969.6,3843.5564556962076,225451.8675443038,922030.1181318583,0.0011293
2748,2018-07-10,221.0,18.76,74852.40000000001,16893.721856540094,200096.7788101266,968726.9554813935,0.0011293
2749,2018-07-11,224.0,16.76,66872.40000000001,-22677.79578059071,197901.14911392407,934196.4632389746,0.0011293
2755,2018-07-17,219.0,15.32,61126.8,28075.36877637132,247385.48455696204,798052.5273692138,0.0011293
2757,2018-07-19,211.0,27.43,109445.70000000001,151225.66818565404,370841.8264810126,1.320446026736458e6,0.0011293
2758,2018-07-20,207.0,27.95,111520.5,-579.3117299578033,221985.77106329115,1.5230958167379182e6,0.0011293
2761,2018-07-23,220.0,16.59,66194.1,153424.65248945146,370447.2361772152,734200.6942079185,0.0011293
2762,2018-07-24,162.0,21.07,84069.3,-51780.75443037975,165294.76443037976,1.5980034089176175e6,0.0011293
2763,2018-07-25,219.0,21.06,84029.40000000001,54169.95679324896,263519.5078734177,1.0530475159928366e6,0.0011293
2764,2018-07-26,198.0,21.07,84069.3,48127.694514767936,271167.50215189875,1.1686071119290178e6,0.0011293
2765,2018-07-27,221.0,16.04,63999.600000000006,47413.94227848102,273010.19372151897,807282.2585761606,0.0011293
2768,2018-07-30,214.0,13.96,55700.4,50673.08725738397,266879.6600759494,725510.1872522073,0.0011293
2770,2018-08-01,216.0,17.77,70902.3,-89376.26970464135,138793.5370379747,1.1806235905683567e6,0.0011293
2771,2018-08-02,217.0,20.07,80079.3,-87683.86970464134,136212.6270379747,1.2857421634068342e6,0.0011293
2772,2018-08-03,213.0,20.07,80079.3,-87006.90970464134,135180.2630379747,1.302633621894866e6,0.0011293
2777,2018-08-08,213.0,20.07,80079.3,-89714.74970464135,139309.7190379747,1.309403221894866e6,0.0011293
2783,2018-08-14,208.0,26.87,107211.3,-89426.64742616034,140436.81875949365,1.6827127999317178e6,0.0011293
2785,2018-08-16,214.0,12.08,48199.200000000004,51426.4388185654,282845.7778481013,630779.1139914615,0.0011293
2786,2018-08-17,213.0,12.77,50952.3,52135.6482700422,292845.45706329116,667583.9133042607,0.0011293
2790,2018-08-21,212.0,14.8,59052.0,56266.44995780591,296872.98870886076,769035.9958429788,0.0011293
2791,2018-08-22,212.0,19.45,77605.5,66995.89738396625,303949.3999493671,993259.5807854809,0.0011293
2792,2018-08-23,209.0,28.97,115590.3,76613.11358649789,314172.38574683544,1.4853430006840285e6,0.0011293
2800,2018-08-31,211.0,23.07,92049.3,92431.65367088607,308440.4623291139,1.1566787667351915e6,0.0011293
2805,2018-09-05,189.0,23.99,95720.1,74098.32033755274,290565.4623291139,1.3628104152853952e6,0.0011293
2806,2018-09-06,189.0,26.09,104099.1,70775.21215189874,299172.23184810125,1.484934978121958e6,0.0011293
2811,2018-09-11,206.0,21.01,83829.90000000001,75987.68843881859,293253.7962278481,1.09411015576517e6,0.0011293
2812,2018-09-12,207.0,23.09,92129.1,82583.48421940929,312377.6971139241,1.189920454539111e6,0.0011293
2813,2018-09-13,200.0,24.52,97834.8,99474.03476793249,330538.3838987342,1.29172677076994e6,0.0011293
2817,2018-09-17,225.0,25.08,100069.20000000001,79301.1324894515,318485.6041772152,1.192273049071198e6,0.0011293
2818,2018-09-18,213.0,25.09,100109.1,90717.16118143461,325385.23215189873,1.2488362784777845e6,0.0011293
2819,2018-09-19,198.0,25.09,100109.1,114608.80067510549,343602.38065822783,1.3210224970905576e6,0.0011293
2820,2018-09-20,217.0,25.08,100069.20000000001,96739.02379746836,336333.74820253166,1.2192397549478493e6,0.0011293
2824,2018-09-24,213.0,25.08,100069.20000000001,89787.19831223629,320247.5183544304,1.2492406632653e6,0.0011293
2827,2018-09-27,215.0,25.08,100069.20000000001,122398.3405907173,354581.9820759494,1.2057253469208768e6,0.0011293
2831,2018-10-01,215.0,21.03,83909.70000000001,106836.23189873419,340255.12610126584,1.0193476492044069e6,0.0011293
2833,2018-10-03,199.0,26.31,104976.90000000001,109029.55915611815,337316.4201772152,1.3852446575692997e6,0.0011293
2839,2018-10-09,207.0,27.08,108049.20000000001,109546.9218565401,320050.6488101266,1.3698699220162323e6,0.0011293
2842,2018-10-12,205.0,28.5,113715.0,122476.46784810128,341118.9561518987,1.4450339343202014e6,0.0011293
2845,2018-10-15,210.0,18.69,74573.1,74722.63122362869,297097.565443038,956352.5633824527,0.0011293
2846,2018-10-16,209.0,22.86,91211.40000000001,79148.88506329116,309028.9629367089,1.1700734735309156e6,0.0011293
2847,2018-10-17,207.0,27.08,108049.20000000001,99942.13400843884,329302.38065822783,1.379234590168131e6,0.0011293
2848,2018-10-18,208.0,27.08,108049.20000000001,100094.96000000002,328605.186,1.3723560841236245e6,0.0011293
2849,2018-10-19,205.0,21.26,84827.40000000001,86861.45485232068,313163.9184810127,1.101879736464861e6,0.0011293
2854,2018-10-24,192.0,27.07,108009.3,115741.96725738396,346399.6180759494,1.4726268679244323e6,0.0011293
2856,2018-10-26,209.0,27.07,108009.3,100186.0941772152,324463.0418227848,1.3650901817717196e6,0.0011293
2861,2018-10-31,215.0,22.88,91291.20000000001,114539.75898734177,333380.6650126582,1.1039031039544055e6,0.0011293
2866,2018-11-05,215.0,35.98,143560.2,101963.9713080169,315195.87202531646,1.7680940953007871e6,0.0011293
2867,2018-11-06,214.0,32.86,131111.4,97795.79881856541,322132.50384810125,1.6245309151473017e6,0.0011293
2870,2018-11-09,211.0,28.64,114273.6,113380.53569620254,346635.82230379747,1.4187029720204002e6,0.0011293
2874,2018-11-13,207.0,28.05,111919.5,112920.36489451479,344494.7557721519,1.4167190743519827e6,0.0011293
2877,2018-11-16,211.0,40.93,163310.7,115678.00405063292,348875.85394936707,2.0396770694671243e6,0.0011293
2882,2018-11-21,220.0,28.04,111879.6,117146.26497890295,342691.6083544304,1.3264380792688597e6,0.0011293
2887,2018-11-26,207.0,17.74,70782.6,89303.82075949368,318083.8252405063,906832.366368097,0.0011293
2888,2018-11-27,210.0,27.39,109286.1,123232.0908016878,351163.88853164564,1.3523253109338249e6,0.0011293
2891,2018-11-30,215.0,30.08,120019.20000000001,118595.28337552743,334796.20129113924,1.4582614186824197e6,0.0011293
2895,2018-12-04,224.0,30.09,120059.1,116805.5135864979,349128.97574683547,1.4003388010181328e6,0.0011293
2897,2018-12-06,208.0,30.08,120019.20000000001,85723.74548523208,322209.05184810126,1.5406892862370543e6,0.0011293
2901,2018-12-10,207.0,23.11,92208.90000000001,107915.63510548524,336230.3442278481,1.1662553859674095e6,0.0011293
2902,2018-12-11,215.0,32.09,128039.10000000002,115148.21299578059,346666.9076708861,1.5616512048753197e6,0.0011293
2904,2018-12-13,221.0,41.22,164467.80000000002,132251.58852320677,363342.69881012663,1.9436430522393528e6,0.0011293
2922,2018-12-31,280.0,11.06,44129.4,61752.90734177216,268374.2846582279,439367.45252328704,0.0011293
2924,2019-01-02,310.0,15.02,59929.8,77236.93164556962,261470.00835443038,520049.2770715964,0.0011293
2926,2019-01-04,274.0,15.0203,59930.99700000001,64246.765232067526,286037.3961012658,600839.0954197949,0.0011293
2929,2019-01-07,231.0,15.0138,59905.062,41738.48810126583,258168.4258987342,731665.9306600045,0.0011293
2930,2019-01-08,222.0,15.2806,60969.594000000005,70693.16354430381,279629.6344556962,744486.5895716567,0.0011293
2932,2019-01-10,221.0,21.0186,83864.21399999999,94677.05147679326,308091.12518987345,1.0022372336719725e6,0.0011293
2933,2019-01-11,228.0,21.0166,83856.23400000001,97709.20742616036,314432.2772405063,967944.7563789969,0.0011293
2936,2019-01-14,225.0,27.024,107825.76000000001,107261.92472573841,302591.17660759494,1.2574558890004938e6,0.0011293
2944,2019-01-22,239.0,16.4376,65586.024,57204.3841350211,263939.4745316456,757050.0723613829,0.0011293
2945,2019-01-23,246.0,15.7522,62851.278000000006,50078.79729957807,242606.6273670886,713246.757255481,0.0011293
2952,2019-01-30,229.0,11.2949,45066.651,80163.21080168779,293093.93053164554,526516.5247164706,0.0011293
2953,2019-01-31,227.0,25.3471,101134.92900000002,71710.29637130802,282313.7389620253,1.2017559029036271e6,0.0011293
2954,2019-02-01,157.0,28.0162,111784.638,67767.95578059072,297086.3568860759,1.9201826320017811e6,0.0011293
2960,2019-02-07,193.0,31.884,127217.16,120263.89805907173,342346.50060759496,1.7272821264654442e6,0.0011293
2961,2019-02-08,188.0,39.6562,158228.23799999998,158139.6300421941,338657.73929113924,2.179701583663389e6,0.0011293
2965,2019-02-12,157.0,24.7865,98898.13500000001,96603.79037974685,299815.2956202532,1.6719624469403124e6,0.0011293
2966,2019-02-13,182.0,28.257,112745.43000000001,100933.83156118145,303190.8857721519,1.6397338508049985e6,0.0011293
2968,2019-02-15,145.0,32.4013,129281.187,104994.43443037976,317304.37356962025,2.3654773189435676e6,0.0011293
2973,2019-02-20,187.0,26.2978,104928.22200000001,119156.788185654,323496.86848101264,1.4654494446694667e6,0.0011293
2975,2019-02-22,191.0,31.2978,124878.22200000001,123498.72202531644,321806.85397468356,1.70979877334347e6,0.0011293
2978,2019-02-25,155.0,29.8583,119134.617,143122.01215189876,340093.36184810125,1.9985084042214009e6,0.0011293
2981,2019-02-28,158.0,28.087,112067.13,125776.36928270041,332489.5600506329,1.8563346685583584e6,0.0011293
2985,2019-03-04,174.0,27.6415,110289.585,105635.75932489452,296774.66534177214,1.6736782633360752e6,0.0011293
2987,2019-03-06,165.0,28.092,112087.08,121795.00793248946,319299.5327341772,1.7798487735226916e6,0.0011293
2989,2019-03-08,162.0,28.7858,114855.342,135117.37586497894,336519.84146835445,1.8464172340116212e6,0.0011293
2993,2019-03-12,185.0,29.5868,118051.33200000001,149823.10616033757,344088.3285063291,1.6420383305876763e6,0.0011293
2996,2019-03-15,224.0,30.3083,120930.117,143015.0210970464,350989.64556962025,1.3852118722988726e6,0.0011293
3007,2019-03-26,214.0,30.9223,123379.977,120587.67831223631,328276.78635443037,1.505427382869564e6,0.0011293
3008,2019-03-27,213.0,30.9323,123419.87700000002,119742.03544303798,336760.48455696204,1.514012703557579e6,0.0011293
3010,2019-03-29,206.0,30.9605,123532.395,119734.10700421942,340137.5543291139,1.5682848177044436e6,0.0011293
3013,2019-04-01,203.0,40.2547,160616.253,140299.8312236287,348342.33544303797,2.0618713966783718e6,0.0011293
3017,2019-04-05,208.0,30.24,120657.6,142201.6705485232,335811.2287848101,1.4938537769249603e6,0.0011293
3028,2019-04-16,210.0,51.2974,204676.62600000002,151744.14514767932,367962.54151898733,2.5426203731623744e6,0.0011293
3029,2019-04-17,209.0,34.1245,136156.755,142139.93586497894,367060.4374683545,1.6853353488783054e6,0.0011293
3030,2019-04-18,209.0,51.6233,205976.96700000003,145211.7340084388,356516.2406582278,2.578179096552055e6,0.0011293
3031,2019-04-19,211.0,39.8189,158877.41100000002,138074.79021097047,364789.3204556962,1.961497386131304e6,0.0011293
3036,2019-04-24,208.0,40.4369,161343.23100000003,179284.3230379747,402430.01496202534,1.9822310365067252e6,0.0011293
3041,2019-04-29,203.0,56.9261,227135.139,178949.80725738397,401257.66207594937,2.9028942875041235e6,0.0011293
3044,2019-05-02,208.0,30.2127,120548.67300000001,156760.7675949367,371161.34840506327,1.4782543337662576e6,0.0011293
3049,2019-05-07,209.0,41.2373,164536.827,144650.22919831224,367815.5734683544,2.0470226031006505e6,0.0011293
3051,2019-05-09,208.0,30.24,120657.6,129900.35679324897,354280.6478734177,1.5058475578363528e6,0.0011293
3055,2019-05-13,210.0,32.7711,130756.689,131439.93080168773,352396.9325316455,1.6184924771017325e6,0.0011293
3056,2019-05-14,209.0,48.5518,193721.68200000003,167443.2229535865,388346.34237974684,2.399260113961127e6,0.0011293
3059,2019-05-17,208.0,37.4493,149422.70700000002,147065.42413502114,374401.38853164564,1.8599610562164816e6,0.0011293
3066,2019-05-24,207.0,30.2407,120660.39300000001,163015.897721519,327334.300278481,1.4811108624679595e6,0.0011293
3072,2019-05-30,202.0,30.2289,120613.311,138136.5248945148,333540.1117721519,1.5434340495737093e6,0.0011293
3073,2019-05-31,203.0,30.2392,120654.40800000001,126816.13029535866,345350.12703797466,1.5471267585680108e6,0.0011293
3076,2019-06-03,201.0,29.7884,118855.716,123772.66025316458,333920.74374683545,1.541956219845058e6,0.0011293
3077,2019-06-04,167.0,26.9605,107572.395,110753.09434599157,331381.0669873418,1.6963037403735628e6,0.0011293
3078,2019-06-05,207.0,32.3841,129212.559,128573.60776371307,354679.46756962023,1.6254821415467705e6,0.0011293
3079,2019-06-06,205.0,34.4614,137500.98599999998,156441.61586497893,304000.37546835444,1.7230625130846913e6,0.0011293
3083,2019-06-10,208.0,31.9573,127509.62700000001,123957.73569620255,344255.5923037975,1.5999802512294191e6,0.0011293
3087,2019-06-14,209.0,36.0017,143646.783,153743.3113924051,378373.72860759497,1.770123990621388e6,0.0011293
3090,2019-06-17,207.0,32.7529,130684.071,113887.69856540086,338668.3061012658,1.658863779333702e6,0.0011293
3091,2019-06-18,206.0,35.9991,143636.409,124864.49181434601,349370.67951898737,1.8249867916670013e6,0.0011293
3092,2019-06-19,206.0,37.6987,150417.81300000002,128573.02919831223,364833.3034683544,1.9096479269760533e6,0.0011293
3097,2019-06-24,209.0,42.2655,168639.345,105395.72050632912,334619.6274936709,2.1379337244586735e6,0.0011293
3098,2019-06-25,190.0,38.8797,155130.003,108281.28607594938,334048.2539240506,2.160828537765943e6,0.0011293
3099,2019-06-26,207.0,38.8653,155072.547,151220.63257383968,323449.7167594937,1.938407566749415e6,0.0011293
3100,2019-06-27,207.0,38.8786,155125.614,120828.78852320678,339512.4688101266,1.96872707742936e6,0.0011293
3101,2019-06-28,207.0,39.8403,158962.797,118208.11848101267,341188.31551898737,2.020991471923252e6,0.0011293
3104,2019-07-01,205.0,38.8798,155130.40200000003,121536.88371308018,335125.6616202532,1.9877051030224448e6,0.0011293
3105,2019-07-02,207.0,38.8794,155128.80599999998,136512.58801687765,356496.5733164557,1.9534767240647194e6,0.0011293
3106,2019-07-03,176.0,38.8798,155130.40200000003,130958.24607594936,354465.88992405066,2.312886233011658e6,0.0011293
3108,2019-07-05,207.0,38.8804,155132.796,123219.08388185655,341843.0067848101,1.9664895795234765e6,0.0011293
3112,2019-07-09,206.0,38.7304,154534.296,160898.91915611815,381965.6461772152,1.9317165215623858e6,0.0011293
3114,2019-07-11,207.0,38.7963,154797.23700000002,154796.1221940928,365861.0191392405,1.9313549283990022e6,0.0011293
3115,2019-07-12,205.0,38.8827,155141.973,153411.64556962028,361126.35443037975,1.9567785705193658e6,0.0011293
3119,2019-07-16,210.0,38.8805,155133.195,100307.78497890296,327120.2903544304,1.9601233886959464e6,0.0011293
3120,2019-07-17,205.0,40.0855,159941.14500000002,115203.1335021097,333181.25516455696,2.0568098619634965e6,0.0011293
3125,2019-07-22,206.0,41.7629,166633.97100000002,115274.44658227847,337481.7854177215,2.1337079599584746e6,0.0011293
3127,2019-07-24,207.0,41.7614,166627.986,157793.17873417726,377245.14926582284,2.081695636049568e6,0.0011293
3129,2019-07-26,208.0,41.7615,166628.385,150736.6764556962,331439.85954430385,2.0782029757717282e6,0.0011293
3132,2019-07-29,209.0,39.5429,157776.171,103377.31172995782,322497.27893670887,2.0005200821007555e6,0.0011293
3133,2019-07-30,205.0,41.7604,166623.99599999998,132194.4394936709,348055.37850632914,2.127661744923226e6,0.0011293
3134,2019-07-31,208.0,41.6629,166234.97100000002,146166.5964556962,365909.2315443038,2.0775867780980594e6,0.0011293
3135,2019-08-01,207.0,41.7604,166623.99599999998,144372.32675105488,357390.2185822785,2.0947292778060012e6,0.0011293
3136,2019-08-02,208.0,41.7117,166429.683,159479.92168776374,372120.12364556966,2.0671165786223009e6,0.0011293
3139,2019-08-05,209.0,41.7157,166445.643,107880.0,316733.0,2.107364927885276e6,0.0011293
3140,2019-08-06,210.0,41.76,166622.40000000002,149340.88573839664,321616.96359493677,2.0590281201345008e6,0.0011293
3142,2019-08-08,207.0,41.4448,165364.752,157443.38464135025,372673.10002531647,2.0656719709666972e6,0.0011293
3143,2019-08-09,207.0,41.749,166578.51,168396.97113924054,383352.84686075954,2.0707159957584534e6,0.0011293
3146,2019-08-12,209.0,40.0322,159728.47800000003,86798.07021097046,305486.3184556962,2.0417342117269428e6,0.0011293
3148,2019-08-14,209.0,41.7606,166624.794,109263.89805907173,331621.50060759496,2.1083142511783927e6,0.0011293
3149,2019-08-15,212.0,41.7309,166506.29100000003,132652.91746835446,345963.7945316456,2.0537576367997588e6,0.0011293
3153,2019-08-19,186.0,41.6522,166192.278,86498.07527426159,309424.82339240506,2.3886397812231183e6,0.0011293
3154,2019-08-20,208.0,39.4606,157447.794,98037.48759493671,323214.35040506325,2.0112254164267397e6,0.0011293
3155,2019-08-21,134.0,37.344,149002.56,100942.8742616034,314200.3024050633,2.960359721250304e6,0.0011293
3156,2019-08-22,141.0,37.4343,149362.85700000002,126541.61350210971,343390.073164557,2.794218791635979e6,0.0011293
3157,2019-08-23,204.0,37.4427,149396.37300000002,135872.42025316454,356718.6097468354,1.9083007735706207e6,0.0011293
3160,2019-08-26,208.0,38.9348,155349.852,87713.86902953588,321610.82230379747,1.9942435702966144e6,0.0011293
3161,2019-08-27,207.0,35.5673,141913.52700000003,88688.55257383967,322561.13875949365,1.8289062631369787e6,0.0011293
3162,2019-08-28,208.0,33.1193,132146.007,79425.67324894515,305067.8314177215,1.703172783239262e6,0.0011293
3163,2019-08-29,204.0,33.1216,132155.184,108517.31780590718,332585.9848607595,1.708334372238358e6,0.0011293
3164,2019-08-30,208.0,33.0004,131671.59600000002,119339.59223628695,339752.90243037976,1.6581404459730617e6,0.0011293
3168,2019-09-03,203.0,30.1262,120203.53800000002,76991.23578059072,296770.85488607595,1.5897500913403234e6,0.0011293
3170,2019-09-05,208.0,38.8774,155120.826,115179.92675105485,333158.6285822785,1.9645114837578028e6,0.0011293
3171,2019-09-06,209.0,47.5694,189801.90600000002,131913.68708860758,353705.0449113924,2.3836081348134605e6,0.0011293
3174,2019-09-09,209.0,43.9387,175315.413,110942.13400843885,340027.38065822783,2.2181842677455884e6,0.0011293
3175,2019-09-10,204.0,37.4436,149399.96400000004,129723.78835443038,330414.8936455696,1.9143428938244395e6,0.0011293
3176,2019-09-11,208.0,38.4757,153518.04300000003,134620.94852320678,359729.4248101266,1.9248928697499058e6,0.0011293
3177,2019-09-12,209.0,39.142,156176.58000000002,140388.115443038,360275.21255696204,1.9439107551220309e6,0.0011293
3178,2019-09-13,209.0,38.8545,155029.45500000002,126263.1324894515,343118.5541772152,1.9429642533357497e6,0.0011293
3181,2019-09-16,209.0,38.8505,155013.495,81283.90616033756,311110.6085063291,1.9866142218217168e6,0.0011293
3182,2019-09-17,208.0,39.6425,158173.575,113601.86767932489,331620.02098734176,2.0054071587251953e6,0.0011293
3183,2019-09-18,209.0,40.3213,160881.98700000002,111663.81468354432,334807.6193164557,2.0322903819061785e6,0.0011293
3185,2019-09-20,209.0,40.3207,160879.59300000002,134063.98649789032,359186.3868354431,2.0104194978094536e6,0.0011293
3188,2019-09-23,209.0,39.93,159320.7,93366.15932489453,301735.80534177215,2.0300982677661947e6,0.0011293
3189,2019-09-24,208.0,40.3205,160878.795,123656.62649789032,333807.610835443,2.0304803754364003e6,0.0011293
3190,2019-09-25,196.0,38.2835,152751.165,132869.12810126584,352944.19989873416,2.037284622202847e6,0.0011293
3191,2019-09-26,207.0,39.9528,159411.67200000002,146252.0735864979,359222.9717468355,1.9994636199954043e6,0.0011293
3192,2019-09-27,208.0,39.3106,156849.294,147874.85333333333,356574.18200000003,1.9549179214337256e6,0.0011293
3195,2019-09-30,212.0,38.8807,155133.993,85194.53299578061,309846.2696708861,1.956180399062494e6,0.0011293
3196,2019-10-01,189.0,39.0393,155766.807,101878.49417721521,321882.13182278484,2.1876909328290485e6,0.0011293
3197,2019-10-02,206.0,38.3268,152923.932,104027.10075949368,323130.82324050635,1.966203623366653e6,0.0011293
3198,2019-10-03,209.0,40.3231,160889.169,125397.13282700424,335504.6045063291,2.0189925464495185e6,0.0011293
3199,2019-10-04,207.0,40.3258,160899.942,140826.7723206751,366626.30301265826,2.024033258542025e6,0.0011293
3203,2019-10-08,206.0,40.2925,160767.075,117158.15763713082,337626.00369620253,2.0554989947197796e6,0.0011293
3204,2019-10-09,208.0,40.3193,160874.00699999998,108828.62683544304,333735.71116455697,2.0448759466001017e6,0.0011293
3205,2019-10-10,208.0,40.3209,160880.391,132288.95932489453,352378.53534177213,2.0220844270991327e6,0.0011293
3206,2019-10-11,207.0,72.3795,288794.205,159507.09265822783,370454.2153417721,3.662641309154257e6,0.0011293
3210,2019-10-15,209.0,39.8772,159110.02800000002,66810.82194092828,293614.55139240506,2.053286662874636e6,0.0011293
3211,2019-10-16,209.0,38.88,155131.2,91723.55848101267,312827.26951898733,1.977945792547834e6,0.0011293
3212,2019-10-17,207.0,38.87,155091.30000000002,115779.33805907174,335435.45460759493,1.973205766858736e6,0.0011293
3213,2019-10-18,209.0,42.78,170692.2,119294.87156118146,343940.2997721519,2.150721517590354e6,0.0011293
3216,2019-10-21,206.0,47.285,188667.15000000002,141642.97282700424,365729.6985063291,2.394815660708957e6,0.0011293
3217,2019-10-22,205.0,63.5023,253374.177,155425.51156118143,385091.0737721519,3.2397909875203413e6,0.0011293
3218,2019-10-23,202.0,69.9719,279187.88100000005,188414.19746835448,412177.8425316456,3.599534691322119e6,0.0011293
3219,2019-10-24,203.0,60.4779,241306.82100000003,213088.630886076,438774.01511392405,3.056815177726444e6,0.0011293
3220,2019-10-25,197.0,60.4792,241312.008,226113.85383966245,443857.80749367084,3.1412715086938157e6,0.0011293
3223,2019-10-28,212.0,45.0697,179828.103,141238.83679324895,364489.46587341774,2.2138950961022503e6,0.0011293
3224,2019-10-29,210.0,60.46,241235.40000000002,184119.2556962025,403759.27430379746,2.977893818732263e6,0.0011293
3225,2019-10-30,210.0,50.39,201056.1,159539.34210970465,381486.258556962,2.4887875598417884e6,0.0011293
3226,2019-10-31,209.0,57.7512,230427.288,170664.9971308017,393179.97220253164,2.8670756928735003e6,0.0011293
3227,2019-11-01,209.0,56.4515,225241.48500000002,172779.08286919832,389317.8057974684,2.798477232468872e6,0.0011293
3230,2019-11-04,212.0,42.3117,168823.68300000002,128945.4943459916,344887.6569873418,2.0866852624350497e6,0.0011293
3231,2019-11-05,211.0,47.1686,188202.714,142169.3782278481,359473.3437721519,2.3302014105438665e6,0.0011293
3232,2019-11-06,199.0,58.7499,234412.101,168414.52084388188,380831.35782278486,3.0715363335140455e6,0.0011293
3233,2019-11-07,211.0,64.802,258559.98000000004,188569.2948523207,405559.4624810127,3.1791343172162957e6,0.0011293
3234,2019-11-08,209.0,64.6655,258015.34499999997,216864.56000000003,425531.54600000003,3.1760038414967894e6,0.0011293
3238,2019-11-12,202.0,49.5631,197756.769,94456.87662447258,302799.25470886077,2.610122495212153e6,0.0011293
3240,2019-11-14,211.0,61.9244,247078.35600000003,70563.54430379746,280349.4556962025,3.1482695840600166e6,0.0011293
3241,2019-11-15,210.0,61.9221,247069.179,80979.41130801689,292197.3260253165,3.1529499133351934e6,0.0011293
3244,2019-11-18,212.0,51.3005,204688.99500000002,85750.38075949368,296002.82124050637,2.5824638736506645e6,0.0011293
3245,2019-11-19,211.0,54.0284,215573.316,8792.830042194091,222661.60929113923,2.808097432962008e6,0.0011293
3246,2019-11-20,213.0,63.9544,255178.056,78134.60219409282,290269.8371392405,3.2133758309322908e6,0.0011293
3247,2019-11-21,211.0,63.413,253017.87000000002,13565.492320675106,230699.75501265822,3.2793281650175066e6,0.0011293
3248,2019-11-22,211.0,0.1797355,717.1446450000001,9363.377552742617,222371.69311392403,76926.94660459213,0.0011293
3251,2019-11-25,211.0,0.1557142,621.299658,9504.889451476796,216586.26721518987,75570.87538703952,0.0011293
3252,2019-11-26,210.0,77.0651,307489.749,53154.51679324894,265068.0538734177,3.951622816969991e6,0.0011293
3253,2019-11-27,210.0,50.57,201774.30000000002,33117.46936708861,244685.73263291141,2.621219978261838e6,0.0011293
3255,2019-11-29,214.0,33.42,133345.80000000002,12234.77907172995,232787.10959493672,1.7359518833757925e6,0.0011293
3258,2019-12-02,212.0,41.1054,164010.546,483.12033755273865,210328.64232911394,2.151054298677027e6,0.0011293
3259,2019-12-03,212.0,45.6936,182317.46400000004,-6220.245063291139,212254.86106329114,2.3986417132013324e6,0.0011293
3261,2019-12-05,212.0,37.6202,150104.598,-561.1834599156158,209310.44612658228,1.9770307831705497e6,0.0011293
3262,2019-12-06,213.0,39.6348,158142.85199999998,-6705.315443037973,205858.517443038,2.084676297633759e6,0.0011293
3265,2019-12-09,204.0,50.6974,202282.62600000002,-10884.802025316458,207706.91802531647,2.763184922651237e6,0.0011293
3266,2019-12-10,212.0,55.0873,219798.327,716.8806751054834,214787.55865822785,2.856490759068602e6,0.0011293
3267,2019-12-11,210.0,59.17,236088.30000000002,35855.865991561186,247355.66934177215,3.056724460806292e6,0.0011293
3268,2019-12-12,212.0,64.95,259150.5,25786.407426160342,231614.54724050633,3.3298169466829165e6,0.0011293
3269,2019-12-13,211.0,59.67,238083.30000000002,40085.15172995782,254017.82293670886,3.0636675520004975e6,0.0011293
3272,2019-12-16,214.0,35.5457,141827.343,124313.76540084388,341217.9212658228,1.7329559770251738e6,0.0011293
3273,2019-12-17,220.0,35.9994,143637.606,154301.43054852323,358609.09478481015,1.6773138801783384e6,0.0011293
3274,2019-12-18,212.0,35.1116,140095.28400000004,131121.2718987342,344470.44010126585,1.7211759221174105e6,0.0011293
3275,2019-12-19,214.0,35.9991,143636.409,129351.90177215192,340206.7042278481,1.7507129633496e6,0.0011293
3276,2019-12-20,213.0,35.9688,143515.51200000002,133598.7372151899,344347.3687848102,1.7535004251925743e6,0.0011293
3279,2019-12-23,212.0,36.0003,143641.19700000001,132229.53890295362,343012.4004303798,1.7649479162760037e6,0.0011293
3280,2019-12-24,213.0,35.9692,143517.108,147942.78075949367,352409.41124050634,1.7395350758972757e6,0.0011293
3282,2019-12-26,212.0,36.0,143640.0,138143.29620253164,350470.71379746834,1.759166861954322e6,0.0011293
3283,2019-12-27,212.0,34.1652,136319.148,144763.45586497893,349309.56946835446,1.660110127995999e6,0.0011293
3286,2019-12-30,213.0,28.7956,114894.444,115087.67831223631,322914.28635443037,1.4112180622034469e6,0.0011293
3287,2019-12-31,216.0,37.6832,150355.968,126623.1264135021,338392.34825316456,1.8201301470963138e6,0.0011293
3289,2020-01-02,214.0,28.8,114912.0,113312.07257383967,326260.2707594937,1.4064099869147975e6,0.0011293
3290,2020-01-03,211.0,28.8,114912.0,122136.29502109704,337402.4876455696,1.4182795534365422e6,0.0011293
3293,2020-01-06,214.0,42.9252,171271.548,43347.68236286921,256352.59030379748,2.1808593873638366e6,0.0011293
3294,2020-01-07,213.0,32.42,129355.8,-14810.707172995772,205571.56050632912,1.7425194428577428e6,0.0011293
3295,2020-01-08,212.0,43.51,173604.90000000002,-19773.56624472574,209194.7729113924,2.322319054661324e6,0.0011293
3296,2020-01-09,214.0,46.08,183859.2,7290.0482700422,223734.99706329114,2.373749800421054e6,0.0011293
3300,2020-01-13,213.0,36.0026,143650.374,-7091.901772151888,202096.7957721519,1.903186820461405e6,0.0011293
3301,2020-01-14,212.0,36.0044,143657.55599999998,-13240.576540084376,210487.23787341773,1.927180084436024e6,0.0011293
3302,2020-01-15,213.0,35.9836,143574.56400000004,-13258.126244725732,213008.7269113924,1.917647956523929e6,0.0011293
3303,2020-01-16,214.0,36.0044,143657.55599999998,-12555.688101265823,206077.80410126582,1.9084852781200218e6,0.0011293
3304,2020-01-17,214.0,36.0044,143657.55599999998,-3114.504641350202,216975.35797468355,1.8848823194702326e6,0.0011293
3308,2020-01-21,213.0,59.9132,239053.66800000003,8334.352067510554,224753.1932658228,3.078429875303491e6,0.0011293
3309,2020-01-22,212.0,42.52,169654.80000000002,40050.05232067512,259060.80101265822,2.1838711878817594e6,0.0011293
3310,2020-01-23,213.0,43.2,172368.0,35142.11375527427,249198.3609113924,2.2127397867432255e6,0.0011293
3311,2020-01-24,212.0,41.21,164427.90000000002,-7267.934514767936,202771.36384810126,2.174974323460963e6,0.0011293
3314,2020-01-27,215.0,39.3213,156891.98700000002,-22155.933164556965,203487.16516455697,2.089180660313608e6,0.0011293
3315,2020-01-28,211.0,65.8909,262904.69100000005,20760.163713080172,227560.15962025317,3.397965296168886e6,0.0011293
3322,2020-02-04,212.0,57.61,229863.90000000002,31796.955949367097,237474.83205063292,2.9535079728441276e6,0.0011293
3323,2020-02-05,211.0,57.61,229863.90000000002,-20316.364219409283,197664.94488607594,3.0490808584775827e6,0.0011293
3324,2020-02-06,211.0,57.61,229863.90000000002,-16765.73130801688,201126.81197468354,3.040204276199102e6,0.0011293
3325,2020-02-07,212.0,56.67,226113.30000000002,-20590.302447257378,185551.05511392406,2.988544103289887e6,0.0011293
3328,2020-02-10,215.0,47.4091,189162.30900000004,-17007.42008438818,200044.96541772154,2.47880374445351e6,0.0011293
3329,2020-02-11,213.0,53.9356,215203.044,-18854.338902953587,199090.41956962025,2.8334195268371752e6,0.0011293
3330,2020-02-12,213.0,50.117,199966.83000000002,-15691.98514767933,194557.91448101267,2.6336942867083265e6,0.0011293
3331,2020-02-13,212.0,47.7607,190565.193,-14458.063122362872,194068.5884556962,2.5235624824758708e6,0.0011293
3332,2020-02-14,214.0,49.7126,198353.274,-7814.6967088607535,192930.07070886076,2.5820176836542976e6,0.0011293
3336,2020-02-18,213.0,51.6658,206146.542,23028.7682700422,227233.44906329113,2.649811991837362e6,0.0011293
3337,2020-02-19,214.0,49.09,195869.1,-17947.00421940928,194051.67088607594,2.576219593150244e6,0.0011293
3338,2020-02-20,214.0,48.92,195190.80000000002,-18434.345991561175,193576.51265822785,2.5689382590524005e6,0.0011293
3339,2020-02-21,213.0,48.9601,195350.799,2349.2816877637206,212994.34964556963,2.534059331032092e6,0.0011293
3342,2020-02-24,213.0,53.5157,213527.64300000004,-7412.832067510546,200091.48873417723,2.7837229646206405e6,0.0011293
3343,2020-02-25,213.0,75.4552,301066.2480000001,-2875.6229535864954,199438.06762025316,3.8744646732222782e6,0.0011293
3344,2020-02-26,212.0,48.96,195350.40000000002,41706.23864978904,247136.3826835443,2.507282231462179e6,0.0011293
3345,2020-02-27,213.0,48.96,195350.40000000002,-10988.94312236287,202528.1804556962,2.56381721519347e6,0.0011293
3346,2020-02-28,212.0,48.96,195350.40000000002,-14322.786835443043,195892.88283544304,2.583752781234331e6,0.0011293
3350,2020-03-03,208.0,49.0085,195543.915,-24558.656877637124,181681.9095443038,2.659356620482531e6,0.0011293
3351,2020-03-04,206.0,46.7655,186594.345,-12765.663122362872,191487.6784556962,2.537848967942145e6,0.0011293
3352,2020-03-05,206.0,46.8758,187034.44199999998,-20296.54312236286,189222.2704556962,2.562405132761046e6,0.0011293
3357,2020-03-10,211.0,48.32,192796.80000000002,-22895.699240506314,186688.09324050634,2.584442193648925e6,0.0011293
3358,2020-03-11,209.0,43.19,172328.1,-24255.276286919838,186208.70562025317,2.348661869533967e6,0.0011293
3359,2020-03-12,208.0,42.34,168936.6,-1733.4136708860665,213244.72167088607,2.259263053998496e6,0.0011293
3360,2020-03-13,208.0,40.32,160876.80000000002,-15860.08945147679,191855.41278481012,2.190670089689208e6,0.0011293
3363,2020-03-16,208.0,44.5734,177847.866,-10516.879662447262,199603.64232911394,2.3961087589324936e6,0.0011293
3364,2020-03-17,209.0,36.4078,145267.12200000003,-5910.05029535864,199018.10096202532,1.9555888486662458e6,0.0011293
3365,2020-03-18,207.0,35.9745,143538.255,3906.4054008438916,208589.1452658228,1.9326165877502928e6,0.0011293
3367,2020-03-20,206.0,34.0311,135784.089,1809.8693670886082,209929.8226329114,1.8427474351025186e6,0.0011293
3371,2020-03-24,213.0,35.4709,141528.891,54.084725738406036,204833.13260759495,1.8586954999642277e6,0.0011293
3373,2020-03-26,212.0,28.8,114912.0,-8799.58008438819,201278.00941772154,1.5524726157439102e6,0.0011293
3377,2020-03-30,209.0,27.6497,110322.30300000001,-6670.7945991561155,210969.37526582277,1.5091259436167304e6,0.0011293
3381,2020-04-03,209.0,28.8041,114928.359,-9550.703122362856,214084.8644556962,1.5754244104922696e6,0.0011293
3384,2020-04-06,213.0,32.0897,128037.903,-22445.728270042186,198127.41493670887,1.7450150684016102e6,0.0011293
3385,2020-04-07,214.0,26.4677,105606.123,-16744.795949367075,207070.6239493671,1.4421405207572577e6,0.0011293
3386,2020-04-08,209.0,18.5269,73922.331,-17402.513417721515,209814.14941772152,1.0689199150191767e6,0.0011293
3387,2020-04-09,207.0,20.5985,82188.015,-16684.796962025317,206282.92296202533,1.1833683821607707e6,0.0011293
3388,2020-04-10,214.0,21.7032,86595.76800000001,-10225.391729957795,209196.04306329114,1.1876257396633062e6,0.0011293
3395,2020-04-17,214.0,0.0,0.0,-76165.39274261605,144058.34207594936,267355.50651407434,0.0011293
3400,2020-04-22,225.0,8.3441,33292.958999999995,-80387.32860759494,144172.95460759493,674704.1167476998,0.0011293
3402,2020-04-24,225.0,14.0108,55903.092,-78279.47848101266,147920.50848101266,938907.6832309223,0.0011293
3405,2020-04-27,224.0,13.5418,54031.78200000001,-79470.95122362871,150143.62255696201,922458.4671037265,0.0011293
3406,2020-04-28,221.0,19.9869,79747.731,-69334.10092827004,137179.6515949367,1.2179333556041957e6,0.0011293
3407,2020-04-29,221.0,22.7175,90642.82500000001,-76378.21772151899,145543.237721519,1.367744323444811e6,0.0011293
3408,2020-04-30,220.0,24.0055,95781.945,-67672.30042194093,162493.50708860758,1.4136202199464967e6,0.0011293
3409,2020-05-01,219.0,24.005,95779.95000000001,-46674.15493670885,184659.09893670888,1.3664314664629973e6,0.0011293
3413,2020-05-05,221.0,23.0,91770.0,-78776.44151898734,146589.76951898733,1.3874169835499742e6,0.0011293
3415,2020-05-07,227.0,18.6969,74600.631,-86508.25383966247,140743.65250632912,1.1744879859961777e6,0.0011293
3416,2020-05-08,227.0,20.0974,80188.626,-80270.71628691984,134132.2516202532,1.2249064807960629e6,0.0011293
3422,2020-05-14,198.0,18.0881,72171.51900000001,-77565.72624472574,146077.8169113924,1.2483087537695426e6,0.0011293
3426,2020-05-18,211.0,17.97,71700.3,-75285.22902953588,140685.50169620253,1.176396586229626e6,0.0011293
3427,2020-05-19,232.0,17.97,71700.3,-79556.96405063292,132289.56005063292,1.1045928579678717e6,0.0011293
3428,2020-05-20,226.0,17.98,71740.2,-86689.94362869198,138874.1049620253,1.1449011769051543e6,0.0011293
3429,2020-05-21,214.0,17.8008,71025.192,-72529.86126582278,150987.78526582278,1.1482740634291982e6,0.0011293
3430,2020-05-22,193.0,16.6439,66409.161,-59999.90852320675,158973.48918987342,1.149652698175544e6,0.0011293
3437,2020-05-29,199.0,21.4769,85692.831,-64383.134514767924,138622.04384810128,1.3926456356440636e6,0.0011293
3442,2020-06-03,197.0,19.48,77725.2,-72374.1853164557,134215.5693164557,1.3158894784347164e6,0.0011293
3447,2020-06-08,216.0,23.8,94962.0,-54582.53569620253,154947.22769620255,1.3923366430905792e6,0.0011293
3449,2020-06-10,208.0,20.03,79919.7,-73262.27746835443,140965.47946835443,1.2904493840849116e6,0.0011293
3450,2020-06-11,211.0,29.54,117864.6,-57581.86362869197,149484.28296202532,1.7188417914091956e6,0.0011293
3451,2020-06-12,210.0,28.76,114752.40000000001,-83407.59189873419,132766.1978987342,1.7507977832096363e6,0.0011293
3455,2020-06-16,216.0,28.7945,114890.05500000001,-69117.89029535865,144160.0569620253,1.6760786949425507e6,0.0011293
3456,2020-06-17,214.0,28.8,114912.0,-70995.36573839662,136406.1184050633,1.6943776720202826e6,0.0011293
3457,2020-06-18,229.0,30.94,123450.6,-54491.98008438818,160958.91941772154,1.6587871224548144e6,0.0011293
3458,2020-06-19,196.0,24.71,98592.90000000001,-81821.60438818566,130927.73572151898,1.6304108902479366e6,0.0011293
3461,2020-06-22,215.0,27.9432,111493.368,-33788.708185653995,165066.80951898734,1.5520244174778773e6,0.0011293
3462,2020-06-23,212.0,21.66,86423.40000000001,-64580.68118143459,143506.63584810126,1.331570649186165e6,0.0011293
3463,2020-06-24,212.0,20.1221,80287.179,-64591.41670886077,128264.56870886075,1.2539799077789567e6,0.0011293
3464,2020-06-25,212.0,26.3093,104974.107,-63420.300759493664,109943.80675949369,1.563319165420272e6,0.0011293
3465,2020-06-26,216.0,27.9311,111445.08900000002,-85715.26008438818,139824.42141772152,1.6748034089002158e6,0.0011293
3468,2020-06-29,217.0,25.2573,100776.62700000001,-77376.10801687762,144570.2946835443,1.5157426952331166e6,0.0011293
3469,2020-06-30,219.0,21.3826,85316.574,-73546.41552742616,138149.8448607595,1.3054904202757375e6,0.0011293
3470,2020-07-01,221.0,20.019,79875.81,-68640.16978902953,143779.6344556962,1.2177526337016835e6,0.0011293
3471,2020-07-02,217.0,20.1195,80276.80500000001,-52805.23713080169,155833.89379746836,1.2009862759429447e6,0.0011293
3475,2020-07-06,215.0,18.5502,74015.29800000001,-62953.93721518987,139169.31121518987,1.1574890383428268e6,0.0011293
3476,2020-07-07,213.0,18.0208,71902.99200000001,-70587.26548523207,135957.81615189873,1.1586472506267685e6,0.0011293
3477,2020-07-08,213.0,18.9082,75443.71800000001,-70964.80911392404,143205.51111392406,1.20416778604173e6,0.0011293
3478,2020-07-09,221.0,21.5674,86053.92599999999,-80105.9976371308,128369.45230379746,1.3213822390275477e6,0.0011293
3479,2020-07-10,211.0,25.6884,102496.71600000001,-79015.28033755274,129432.90167088607,1.5771143861014552e6,0.0011293
3482,2020-07-13,207.0,27.4942,109701.85800000001,-76804.40337552743,123972.70670886076,1.6900987328745988e6,0.0011293
3483,2020-07-14,204.0,27.83,111041.70000000001,-66464.39223628692,143362.41756962027,1.7027603003019104e6,0.0011293
3484,2020-07-15,207.0,27.65,110323.5,-90838.87358649788,147521.89825316455,1.7332380432459353e6,0.0011293
3485,2020-07-16,208.0,27.97,111600.3,-81357.4693670886,131380.26736708859,1.7191243197032667e6,0.0011293
3486,2020-07-17,206.0,27.83,111041.70000000001,-87562.17890295359,138869.87556962026,1.741333336919512e6,0.0011293
3489,2020-07-20,207.0,28.0208,111802.99200000001,-79413.75932489452,130736.78465822786,1.7238415117647261e6,0.0011293
3490,2020-07-21,202.0,26.7748,106831.452,-73809.03966244726,131124.1863291139,1.6796817620423876e6,0.0011293
3492,2020-07-23,194.0,24.093,96131.07,-24402.44523206751,189450.0158987342,1.4667401656954568e6,0.0011293
3493,2020-07-24,201.0,22.2591,88813.809,-60644.0405063291,160884.06050632912,1.41344586957504e6,0.0011293
3497,2020-07-28,203.0,26.213,104589.87000000001,-85096.0276793249,133658.57301265822,1.6713019076353696e6,0.0011293
3498,2020-07-29,78.0,27.4666,109591.734,-87827.65299578059,147919.23832911393,4.064227191451162e6,0.0011293
3499,2020-07-30,129.0,26.75,106732.5,-87606.89957805908,143057.27291139239,2.514676418145216e6,0.0011293
3500,2020-07-31,203.0,25.97,103620.3,-80730.88708860759,131991.1850886076,1.6475811511210597e6,0.0011293
3504,2020-08-04,183.0,26.219,104613.81000000001,-57876.20151898734,155966.90351898735,1.7545998500108235e6,0.0011293
3507,2020-08-07,201.0,28.0177,111790.623,-74409.02953586499,139001.19620253163,1.7543994472336576e6,0.0011293
3511,2020-08-11,198.0,27.97,111600.3,-80442.78481012658,133118.28481012658,1.7895037003122764e6,0.0011293
3513,2020-08-13,203.0,27.992,111688.08,-73576.97215189874,131350.45215189873,1.7362707834741795e6,0.0011293
3518,2020-08-18,205.0,27.97,111600.3,-65934.60118143461,145571.36384810126,1.7016225924824686e6,0.0011293
3524,2020-08-24,204.0,35.0454,139831.146,-83448.34835443039,135265.0603544304,2.12366112652002e6,0.0011293
3526,2020-08-26,203.0,40.7364,162538.236,-74728.26700421942,141228.53967088606,2.4108735677659987e6,0.0011293
3527,2020-08-27,198.0,43.1901,172328.499,-81016.18227848102,149483.222278481,2.613407408030757e6,0.0011293
3528,2020-08-28,200.0,40.614,162049.86000000002,-75487.85417721518,132872.1421772152,2.438431038790313e6,0.0011293
3531,2020-08-31,206.0,34.84,139011.6,-73128.69400843883,138557.12334177215,2.0693479327566065e6,0.0011293
3533,2020-09-02,213.0,31.68,126403.20000000001,-76838.38852320676,143402.17118987342,1.860416299496746e6,0.0011293
3534,2020-09-03,216.0,29.98,119620.20000000001,-76913.66582278481,140790.17582278483,1.7542921392225763e6,0.0011293
3535,2020-09-04,163.0,23.86,95201.40000000001,-69827.67831223628,144314.21364556963,1.817723765102593e6,0.0011293
3539,2020-09-08,147.0,36.7062,146457.738,-78098.9029535865,135403.56962025317,2.9439032136022933e6,0.0011293
3541,2020-09-10,205.0,31.7666,126748.73400000001,148927.08556962025,354215.3084303797,1.5897389196287333e6,0.0011293
3542,2020-09-11,204.0,31.6662,126348.138,69940.92624472574,278050.00308860757,1.6696119944265683e6,0.0011293
3546,2020-09-15,206.0,33.1185,132142.815,-64068.43983122362,148237.07116455695,1.9572828554664464e6,0.0011293
3547,2020-09-16,206.0,32.0413,127844.78700000001,-25454.677468354424,191808.88946835443,1.8047988493514783e6,0.0011293
3553,2020-09-22,207.0,24.0043,95777.157,116116.12523206753,330686.6221012658,1.204485315609456e6,0.0011293
3554,2020-09-23,207.0,21.2964,84972.636,116479.50481012657,334425.71718987345,1.064162574796677e6,0.0011293
3555,2020-09-24,203.0,18.3501,73216.89900000002,104376.93772151897,293008.714278481,942361.0874528575,0.0011293
3556,2020-09-25,207.0,18.0152,71880.648,47440.57755274262,246803.96311392405,961873.8212356565,0.0011293
3559,2020-09-28,206.0,24.0115,95805.88500000001,-81914.43139240507,130837.22939240506,1.5288816729394025e6,0.0011293
3560,2020-09-29,210.0,23.8556,95183.844,-78038.32540084388,124462.0327341772,1.4874929167572416e6,0.0011293
3561,2020-09-30,209.0,24.4619,97602.98100000001,-80721.26582278482,132846.7658227848,1.531054944154883e6,0.0011293
3562,2020-10-01,210.0,25.52,101824.8,-76691.21957805907,140160.8609113924,1.568927187479956e6,0.0011293
3566,2020-10-05,186.0,19.03,75929.7,-74335.44506329115,137380.54106329114,1.3574770812154969e6,0.0011293
3568,2020-10-07,219.0,27.96,111560.40000000001,-77365.32962025316,125118.20362025316,1.6363874821305703e6,0.0011293
3569,2020-10-08,216.0,27.16,108368.40000000001,-74068.27814345992,132563.82881012658,1.607489344506493e6,0.0011293
3570,2020-10-09,214.0,27.96,111560.40000000001,-76744.9829535865,133338.84162025317,1.6667532540952684e6,0.0011293
3574,2020-10-13,206.0,24.2183,96631.017,-73620.0,139770.5,1.5188867542457755e6,0.0011293
3575,2020-10-14,205.0,28.0199,111799.40100000001,-72730.21502109704,137253.2403544304,1.7212160682270331e6,0.0011293
3576,2020-10-15,210.0,27.9747,111619.053,-72126.26092827004,127687.6955949367,1.6825830172439844e6,0.0011293
3577,2020-10-16,209.0,26.22,104617.8,-72969.6324050633,130250.2084050633,1.6016805528119493e6,0.0011293
3580,2020-10-19,207.0,20.14,80358.6,-69343.72219409283,136324.0708607595,1.2913163221604964e6,0.0011293
3581,2020-10-20,208.0,17.97,71700.3,-65778.92523206752,128799.14789873417,1.165773732827276e6,0.0011293
3582,2020-10-21,208.0,18.3416,73182.984,-69664.65248945149,134318.7638227848,1.1946033120289044e6,0.0011293
3584,2020-10-23,212.0,22.0156,87842.244,-70652.92151898735,134201.40151898732,1.364698328206967e6,0.0011293
3587,2020-10-26,211.0,24.8414,99117.18600000002,-76017.6452320675,130663.19589873418,1.5266697395630332e6,0.0011293
3588,2020-10-27,207.0,31.4087,125320.713,-76264.99105485232,127037.23372151899,1.8910865072493462e6,0.0011293
3589,2020-10-28,208.0,34.5608,137897.59200000003,-78092.66734177216,127793.84934177216,2.04999585226693e6,0.0011293
3590,2020-10-29,206.0,34.565,137914.35,-68182.80607594937,127301.56407594935,2.0426997557613058e6,0.0011293
3591,2020-10-30,208.0,32.3527,129087.273,-65494.78717299579,131614.78250632912,1.9049155545830356e6,0.0011293
3594,2020-11-02,205.0,31.2753,124788.44700000001,-67697.73569620254,133697.9076962025,1.8785446435573495e6,0.0011293
3596,2020-11-04,206.0,33.1111,132113.289,-82550.63493670887,129370.73093670886,2.003103988382835e6,0.0011293
3601,2020-11-09,210.0,32.35,129076.5,-69640.33147679326,148727.8768101266,1.8992919769361087e6,0.0011293
3609,2020-11-17,196.0,28.51,113754.90000000001,-59782.49789029536,110952.06455696202,1.7827545018889154e6,0.0011293
3610,2020-11-18,201.0,28.5401,113874.999,-76369.71071729957,132012.33205063292,1.7871094843824108e6,0.0011293
3611,2020-11-19,201.0,28.7809,114835.791,-76091.22970464134,132283.85103797467,1.799231518593101e6,0.0011293
3615,2020-11-23,207.0,31.6977,126473.823,-80803.8929957806,123458.00432911392,1.9173718620367774e6,0.0011293
3639,2020-12-17,204.0,28.7916,114878.484,-87304.63324894516,133197.58258227847,1.8052959173834512e6,0.0011293
3640,2020-12-18,207.0,28.7803,114833.397,-79098.48607594937,130197.97607594937,1.7623110687832506e6,0.0011293
3643,2020-12-21,205.0,25.9131,103393.269,-84902.4452320675,130462.51589873417,1.6416859903447004e6,0.0011293
3644,2020-12-22,203.0,23.81,95001.90000000001,-77084.57721518986,119468.53721518989,1.5246173316595894e6,0.0011293
3650,2020-12-28,203.0,22.0132,87832.668,-76870.63797468354,132370.12797468354,1.4293777766800937e6,0.0011293
3651,2020-12-29,205.0,22.0152,87840.648,-81475.19594936707,127034.48394936709,1.429673956502911e6,0.0011293
3652,2020-12-30,204.0,22.014,87835.86,-82030.46514767932,130724.09648101266,1.4366317589716206e6,0.0011293
3653,2020-12-31,193.0,21.3017,84993.78300000001,-76857.05248945147,131537.1738227848,1.4500164582596086e6,0.0011293
3658,2021-01-05,204.0,24.67,98433.3,35400.09654008439,256219.49412658229,1.3363452010654022e6,0.0011293
3659,2021-01-06,201.0,26.72,106612.8,61976.36928270041,270284.5600506329,1.438870902460766e6,0.0011293
3660,2021-01-07,200.0,29.26,116747.40000000001,65360.59071729958,275276.5759493671,1.5785680862336955e6,0.0011293
3665,2021-01-12,203.0,28.7965,114898.035,40714.731814346,256324.06351898736,1.5550346155124085e6,0.0011293
3666,2021-01-13,184.0,28.7717,114799.08300000001,55587.55071729957,264055.4619493671,1.6958197548911904e6,0.0011293
3668,2021-01-15,197.0,28.7651,114772.749,79237.88928270043,287960.7420506329,1.5619962072234347e6,0.0011293
3672,2021-01-19,187.0,28.7664,114777.93600000002,100481.58919831223,297672.74946835445,1.6249040315514407e6,0.0011293
3673,2021-01-20,198.0,29.9697,119579.103,101259.79105485234,311970.69627848105,1.5977290780772944e6,0.0011293
3674,2021-01-21,203.0,31.6679,126354.921,109297.93248945149,318115.4841772152,1.639510104009429e6,0.0011293
3675,2021-01-22,201.0,31.6646,126341.754,116056.70481012657,321320.4871898734,1.6493529299567137e6,0.0011293
3679,2021-01-26,201.0,33.1193,132146.007,80428.7341772152,289968.0158227848,1.761526617391393e6,0.0011293
3680,2021-01-27,206.0,32.4319,129403.281,110205.94430379747,314769.79569620255,1.653999063141802e6,0.0011293
3682,2021-01-29,183.0,30.15,120298.5,111554.20725738397,310160.9520759494,1.7309809269356027e6,0.0011293
3685,2021-02-01,208.0,28.7649,114771.95100000002,77418.72,275186.452,1.481137386253086e6,0.0011293
3687,2021-02-03,197.0,24.0197,95838.603,71805.92405063292,260405.7759493671,1.3115067419257031e6,0.0011293
3688,2021-02-04,202.0,26.21,104577.90000000001,69909.11392405063,279711.38607594935,1.3970812493415214e6,0.0011293
3689,2021-02-05,207.0,28.8052,114932.748,72934.59713080169,280968.83220253163,1.4947406756759125e6,0.0011293
3692,2021-02-08,204.0,30.26,120737.40000000001,67696.057721519,262322.05627848103,1.5980468753256474e6,0.0011293
3693,2021-02-09,202.0,31.2,124488.0,73641.57805907175,262195.53860759496,1.6577541932498636e6,0.0011293
3694,2021-02-10,206.0,33.12,132148.80000000002,83317.19898734178,279245.0690126582,1.7159553966420789e6,0.0011293
3695,2021-02-11,205.0,33.55,133864.5,90414.16202531646,287010.8079746835,1.7398703895978923e6,0.0011293
3696,2021-02-12,205.0,38.4,153216.0,106206.25755274261,290561.30111392407,1.9776101616937623e6,0.0011293
3701,2021-02-17,200.0,42.61,170013.90000000002,130921.78599156119,315505.14134177216,2.2288447489672583e6,0.0011293
3703,2021-02-19,194.0,43.14,172128.6,128783.77350210969,352345.77916455694,2.3306617904602913e6,0.0011293
3706,2021-02-22,194.0,40.3548,161015.652,131225.89299578062,327648.4456708861,2.1746696520132343e6,0.0011293
3707,2021-02-23,197.0,41.3532,164999.26800000004,150862.76860759498,345101.99939240504,2.1758560329123284e6,0.0011293
3708,2021-02-24,199.0,38.7028,154424.17200000002,142103.91291139243,340793.1150886076,2.0193192778932212e6,0.0011293
3709,2021-02-25,197.0,39.33,156926.7,133760.3594936709,325042.3505063291,2.0826453654148637e6,0.0011293
3710,2021-02-26,197.0,39.85,159001.5,145737.02514767935,335873.39951898734,2.099210736271443e6,0.0011293
3714,2021-03-02,196.0,34.16,136298.4,105128.01789029536,314896.017443038,1.8392310147344107e6,0.0011293
3716,2021-03-04,198.0,34.06,135899.4,93426.73687763713,290794.2684556962,1.8263996707609456e6,0.0011293
3717,2021-03-05,198.0,33.94,135420.6,85630.96135021099,287424.3873164557,1.827515941044429e6,0.0011293
3720,2021-03-08,200.0,32.7548,130691.65200000002,73080.07324894515,273494.8714177215,1.7580065394196208e6,0.0011293
3722,2021-03-10,195.0,36.1131,144091.26900000003,89145.47915611816,293389.6421772152,1.971543184976881e6,0.0011293
3724,2021-03-12,202.0,43.202,172375.98,129957.83797468356,329796.8920253165,2.238572048544113e6,0.0011293
3735,2021-03-23,200.0,43.2,172368.0,144251.55308016881,345425.66425316455,2.247412069396264e6,0.0011293
3737,2021-03-25,210.0,43.1977,172358.823,132645.51831223627,333263.58035443036,2.1485576571611096e6,0.0011293
3741,2021-03-29,201.0,42.74,170532.6,119484.05265822785,329739.3513417721,2.235575631320036e6,0.0011293
3743,2021-03-31,199.0,40.6058,162017.14200000002,143536.83443037976,350652.2135696203,2.1202405405003247e6,0.0011293
3745,2021-04-02,196.0,41.1169,164056.431,146769.19628691982,352957.56637974683,2.1784068978537703e6,0.0011293
3749,2021-04-06,202.0,36.336,144980.64,128126.77603375528,322088.2066329114,1.876676601640535e6,0.0011293
3757,2021-04-14,201.0,43.2,172368.0,129195.69012658227,332438.59787341766,2.2505934496616228e6,0.0011293
3758,2021-04-15,202.0,46.99,187490.1,138475.92202531645,323716.6239746836,2.4309110491227363e6,0.0011293
3769,2021-04-26,200.0,43.1899,172327.701,106334.14109704642,320302.98756962025,2.2838412158802524e6,0.0011293
3771,2021-04-28,201.0,46.07,183819.30000000002,128393.75223628693,334195.3084303797,2.4041508351615695e6,0.0011293
3772,2021-04-29,196.0,42.15,168178.5,142922.1448101266,344975.69118987344,2.238554532910412e6,0.0011293
3773,2021-04-30,199.0,39.91,159240.9,155766.11510548525,360883.36222784815,2.0709060009618488e6,0.0011293
3777,2021-05-04,199.0,39.1151,156069.249,128047.24523206752,326241.66410126584,2.055192611001756e6,0.0011293
3778,2021-05-05,199.0,39.6109,158047.491,129867.09164556964,340709.0143544304,2.0800758768429095e6,0.0011293
3780,2021-05-07,196.0,40.3255,160898.745,123301.12607594939,320767.99792405067,2.1580858698729537e6,0.0011293
3784,2021-05-11,200.0,28.8,114912.0,117156.0276793249,320699.9269873418,1.503458436998122e6,0.0011293
3786,2021-05-13,203.0,28.8,114912.0,114988.61569620253,330433.5003037975,1.482802054726081e6,0.0011293
3787,2021-05-14,200.0,28.8,114912.0,113887.88928270045,321744.49205063295,1.5066448719348307e6,0.0011293
3790,2021-05-17,202.0,31.6848,126422.352,107921.8707172996,328620.6239493671,1.6500099668968902e6,0.0011293
3791,2021-05-18,200.0,33.8559,135085.04100000003,103158.49113924052,320591.5288607595,1.7875867733360962e6,0.0011293
3793,2021-05-20,201.0,35.6581,142275.819,112136.11814345993,320882.7151898734,1.8657570153724852e6,0.0011293
3794,2021-05-21,200.0,36.0126,143690.274,96302.25046413504,317291.49420253164,1.9096508299133705e6,0.0011293
3797,2021-05-24,204.0,36.0,143640.0,109314.85434599157,319824.3829873418,1.8585261437877533e6,0.0011293
3798,2021-05-25,206.0,37.07,147909.30000000002,105766.83139240507,311287.86060759495,1.899229389767521e6,0.0011293
3799,2021-05-26,206.0,34.84,139011.6,93883.04202531646,306470.76597468357,1.7949902317608257e6,0.0011293
3800,2021-05-27,203.0,37.84,150981.6,111066.96405063293,321532.6899493671,1.9631008154473864e6,0.0011293
3801,2021-05-28,203.0,38.88,155131.2,115188.2430379747,336551.53696202533,2.013898293698174e6,0.0011293
3805,2021-06-01,209.0,34.5602,137895.19800000003,130291.14734177216,345353.4686582278,1.7191932725556968e6,0.0011293
3806,2021-06-02,205.0,34.5505,137856.495,127400.89113924053,339996.86886075954,1.7560276346433067e6,0.0011293
3807,2021-06-03,206.0,34.554,137870.46000000002,104573.76438818568,321125.220278481,1.7697119820063885e6,0.0011293
3808,2021-06-04,203.0,32.3671,129144.72900000002,83481.4376371308,295483.00169620255,1.7015342202444815e6,0.0011293
3811,2021-06-07,205.0,34.1108,136102.092,106638.34025316456,303675.58174683544,1.753321767616225e6,0.0011293
3812,2021-06-08,204.0,33.87,135141.30000000002,106280.66700421943,308404.05032911396,1.7497679820706919e6,0.0011293
3813,2021-06-09,204.0,34.98,139570.2,109440.12151898735,314023.11848101264,1.8049059687340846e6,0.0011293
3814,2021-06-10,201.0,37.09,147989.1,96952.5687763713,301847.75455696206,1.9567837052053572e6,0.0011293
3815,2021-06-11,205.0,41.8379,166933.221,107057.80388185655,314238.95878481015,2.156214938367574e6,0.0011293
3818,2021-06-14,203.0,39.9539,159416.061,153541.25839662447,319788.92693670886,2.0331066108008113e6,0.0011293
3819,2021-06-15,204.0,36.9627,147481.173,139255.81670886077,342247.22129113926,1.8798264139980827e6,0.0011293
3820,2021-06-16,202.0,39.2796,156725.604,124232.4924894515,335215.28017721523,2.0363911808178236e6,0.0011293
3821,2021-06-17,204.0,42.5096,169613.304,119721.72793248946,326586.2847341772,2.189801832550486e6,0.0011293
3825,2021-06-21,204.0,43.1396,172127.00400000002,114300.68016877638,327224.16316455696,2.228130260907164e6,0.0011293
3826,2021-06-22,207.0,42.2,168378.0,141290.80877637133,355231.93855696206,2.120456210189361e6,0.0011293
3828,2021-06-24,206.0,40.29,160757.1,95863.49502109707,299093.5076455696,2.07613144115983e6,0.0011293
3832,2021-06-28,206.0,37.14,148188.6,90037.63409282704,296798.09324050636,1.91820114623092e6,0.0011293
3846,2021-07-12,207.0,39.2153,156469.047,103226.9971308017,306272.92220253166,2.003292485795265e6,0.0011293
3847,2021-07-13,208.0,42.0528,167790.672,117692.25147679326,338992.94518987346,2.125405885245223e6,0.0011293
3849,2021-07-15,206.0,51.1573,204117.62700000004,123631.1976371308,345629.61769620253,2.6135038003425575e6,0.0011293
3850,2021-07-16,202.0,51.8377,206832.423,117444.56708860761,334520.45291139244,2.708191319567216e6,0.0011293
3854,2021-07-20,208.0,46.0801,183859.59900000002,107680.28050632913,339385.6734936709,2.3423335710952515e6,0.0011293
3855,2021-07-21,206.0,43.8205,174843.795,98862.92151898736,316403.3484810127,2.2565806203890196e6,0.0011293
3856,2021-07-22,207.0,46.806,186755.94,123956.38143459916,340869.47189873416,2.375436475121356e6,0.0011293
3861,2021-07-27,209.0,43.3868,173113.33200000002,85117.46430379747,291154.7276962026,2.215109188618463e6,0.0011293
3864,2021-07-30,210.0,66.2313,264262.88700000005,134069.784978903,338883.2403544304,3.3207427533603106e6,0.0011293
3869,2021-08-04,213.0,37.8104,150863.496,84492.91341772153,295622.99058227846,1.893887513868055e6,0.0011293
3870,2021-08-05,213.0,41.764,166638.36000000002,116499.95375527425,321752.6549113924,2.0612814469139709e6,0.0011293
3871,2021-08-06,211.0,43.8967,175147.833,130493.62464135024,335396.4840253165,2.1756703549955776e6,0.0011293
3875,2021-08-10,208.0,46.6723,186222.477,106380.84388185653,315271.3227848101,2.374063540099718e6,0.0011293
3877,2021-08-12,209.0,55.4963,221430.237,122761.47375527427,328703.8369113924,2.7983436095963735e6,0.0011293
3878,2021-08-13,204.0,57.5465,229610.535,134623.45991561183,342807.87341772154,2.9639438900039294e6,0.0011293
3881,2021-08-16,206.0,54.37,216936.30000000002,125815.82075949365,332528.02524050634,2.778240930365636e6,0.0011293
3883,2021-08-18,206.0,50.3962,201080.838,136476.32506329115,341229.6169367089,2.5614483856563084e6,0.0011293
3885,2021-08-20,204.0,47.0802,187849.998,107428.77333333335,313754.454,2.4415111295718444e6,0.0011293
3889,2021-08-24,203.0,46.1,183939.0,113617.04742616037,323172.82124050637,2.395977840575537e6,0.0011293
3891,2021-08-26,205.0,43.2,172368.0,101772.9988185654,313317.27384810126,2.2324599937283536e6,0.0011293
3897,2021-09-01,205.0,45.3861,181090.539,118648.51105485234,317077.89827848104,2.3301059442073503e6,0.0011293
3898,2021-09-02,207.0,45.0424,179719.176,99527.45316455697,295896.26683544304,2.3080960883314954e6,0.0011293
3899,2021-09-03,201.0,43.2017,172374.78300000002,93318.44084388186,304227.8798227848,2.285664261908527e6,0.0011293
3903,2021-09-07,200.0,42.14,168138.6,122303.28506329114,325718.50293670886,2.2121037087791217e6,0.0011293
3910,2021-09-14,200.0,54.8213,218736.98700000002,153203.9419409283,340615.0433924051,2.8604002573956223e6,0.0011293
3912,2021-09-16,205.0,63.36,252806.40000000002,171296.89147679327,354870.86918987345,3.2168892984154117e6,0.0011293
3916,2021-09-20,201.0,47.32,188806.80000000002,141617.6854008439,354704.44326582283,2.457797350525128e6,0.0011293
3917,2021-09-21,186.0,44.4715,177441.285,146577.25738396624,354462.8259493671,2.4922421732161576e6,0.0011293
3919,2021-09-23,186.0,44.5762,177859.038,144900.7142616034,350289.5964050633,2.4998996465689903e6,0.0011293
3924,2021-09-28,208.0,44.2113,176403.08700000003,151340.53839662447,350645.02493670885,2.2036329577967105e6,0.0011293
3926,2021-09-30,205.0,51.78,206602.2,136580.755443038,341331.4365569621,2.646340167043668e6,0.0011293
3930,2021-10-04,203.0,44.5773,177863.42700000003,139347.38801687764,350798.50331645564,2.2906331576739643e6,0.0011293
3931,2021-10-05,198.0,42.8688,171046.51200000002,142199.44843881857,347655.8622278481,2.254859944540417e6,0.0011293
3934,2021-10-08,203.0,48.7294,194430.306,121095.90616033757,328772.30850632914,2.5272748648555838e6,0.0011293
3941,2021-10-15,202.0,35.53,141764.7,121930.41924050635,257658.95875949366,1.8400255545779546e6,0.0011293
3946,2021-10-20,209.0,59.19,236168.1,146035.81367088607,346319.11832911393,2.964747500162157e6,0.0011293
3948,2021-10-22,207.0,60.8585,242825.415,172967.2482700422,372577.26706329116,3.054009528185655e6,0.0011293
3951,2021-10-25,207.0,40.8113,162837.08700000003,172494.93198312237,305266.9586835443,2.0182517769835824e6,0.0011293
3952,2021-10-26,208.0,38.7903,154773.29700000002,138011.20843881858,333417.92822784814,1.9377705232990833e6,0.0011293
3953,2021-10-27,205.0,39.848,158993.52000000002,113773.40050632913,308093.6654936709,2.0458079644192609e6,0.0011293
3954,2021-10-28,205.0,41.88,167101.2,101984.0324050633,295752.8315949367,2.163359199670107e6,0.0011293
3955,2021-10-29,204.0,45.6069,181971.53100000002,116408.6653164557,267506.8486835443,2.355482537159139e6,0.0011293
3959,2021-11-02,197.0,54.6377,218004.42300000004,147737.8842194093,350517.237113924,2.900420263754045e6,0.0011293
3960,2021-11-03,202.0,62.7864,250517.73600000003,158234.0084388186,365828.1582278481,3.248356253587934e6,0.0011293
3961,2021-11-04,209.0,75.7746,302340.65400000004,181703.86362869202,373479.6670379747,3.7790080767037612e6,0.0011293
3962,2021-11-05,206.0,72.3143,288534.05700000003,217524.16101265827,410096.8569873418,3.620849445489154e6,0.0011293
3965,2021-11-08,204.0,41.7899,166741.701,148649.5216877637,344636.48364556965,2.12384964631426e6,0.0011293
3969,2021-11-12,204.0,47.4633,189378.56699999998,133322.86616033755,339001.19450632914,2.4363576233355496e6,0.0011293
3973,2021-11-16,199.0,44.8,178752.0,114885.3917299578,315947.4569367089,2.3736847197689563e6,0.0011293
3974,2021-11-17,200.0,57.32,228706.80000000002,109582.31054852321,309930.75278481015,3.0366068994517834e6,0.0011293
3975,2021-11-18,203.0,60.17,240078.30000000002,113419.3529113924,310287.06908860756,3.137764106628092e6,0.0011293
3979,2021-11-22,203.0,39.2526,156617.874,123665.23206751056,332123.60126582277,2.0252720171185688e6,0.0011293
3981,2021-11-24,201.0,46.0933,183912.26700000002,129508.30413502113,331050.9965316456,2.404304449868013e6,0.0011293
3983,2021-11-26,202.0,34.5625,137904.375,115586.57417721521,317477.30982278485,1.7949639190846654e6,0.0011293
3986,2021-11-29,198.0,39.2382,156560.418,108895.05215189874,308414.47584810125,2.0911398294792268e6,0.0011293
3987,2021-11-30,202.0,52.0661,207743.739,119424.97080168778,321219.7465316456,2.7183583984573623e6,0.0011293
3988,2021-12-01,204.0,55.8523,222850.67700000003,113840.12151898735,318313.11848101264,2.89534845021265e6,0.0011293
4000,2021-12-13,197.0,46.1843,184275.35700000002,137048.85468354428,340095.4333164557,2.4517148313926472e6,0.0011293
4001,2021-12-14,198.0,50.8342,202828.45800000004,144017.5034599156,346043.66587341775,2.683525001815256e6,0.0011293
4003,2021-12-16,213.0,75.2834,300380.766,175753.12337552744,383755.49529113923,3.6872863081561783e6,0.0011293
4004,2021-12-17,212.0,51.0403,203650.79700000002,184598.17620253167,348377.02179746836,2.472955018477183e6,0.0011293
4007,2021-12-20,211.0,40.6706,162275.694,144292.64810126583,343773.3318987342,1.9986238659614886e6,0.0011293
4009,2021-12-22,209.0,46.04,183699.6,135493.32523206755,336886.39210126584,2.3018214309699405e6,0.0011293
4014,2021-12-27,216.0,36.8272,146940.528,109726.1924050633,310071.0375949367,1.7942025078810619e6,0.0011293
4015,2021-12-28,189.0,39.5127,157655.67300000004,105969.06869198315,312331.2419746836,2.2105025929710153e6,0.0011293
4016,2021-12-29,200.0,41.5125,165634.875,118872.31156118143,319834.7037721519,2.1818788881197805e6,0.0011293
4017,2021-12-30,199.0,38.8362,154956.438,106468.98025316457,309433.85574683547,2.0612358382172082e6,0.0011293
4021,2022-01-03,201.0,40.6346,162132.054,108189.90548523207,308573.1578481012,2.134513024326524e6,0.0011293
4022,2022-01-04,188.0,46.5693,185811.50699999998,128135.43088607595,326327.64511392405,2.6023996111195614e6,0.0011293
4023,2022-01-05,186.0,49.54,197664.6,148164.2113080169,349240.5060253165,2.7822592087421953e6,0.0011293
4024,2022-01-06,196.0,44.64,178113.6,153705.30632911393,352950.6736708861,2.3639696427808222e6,0.0011293
4025,2022-01-07,200.0,43.86,175001.40000000002,136628.47392405063,338839.3620759494,2.290153277683078e6,0.0011293
4028,2022-01-10,206.0,40.2774,160706.826,93688.58531645569,284279.9706835443,2.0775975360845192e6,0.0011293
4031,2022-01-13,204.0,64.8411,258715.989,131396.6565400844,331199.7401265823,3.349684924642478e6,0.0011293
4036,2022-01-18,215.0,52.38,208996.2,114168.54312236287,304247.9295443038,2.572350776185483e6,0.0011293
4037,2022-01-19,217.0,60.48,241315.2,144984.49856540086,339370.68610126583,2.917666408223229e6,0.0011293
4039,2022-01-21,216.0,57.77,230502.30000000002,160435.89198312233,355281.99468354427,2.7821667942157113e6,0.0011293
4042,2022-01-24,214.0,43.177,172276.23,95200.98835443037,284062.16364556964,2.142891952677399e6,0.0011293
4043,2022-01-25,214.0,42.9783,171483.417,98135.33738396625,289461.7539493671,2.130096326429141e6,0.0011293
4044,2022-01-26,214.0,47.0656,187791.74400000004,113184.52759493672,297365.11440506333,2.3197808772758553e6,0.0011293
4045,2022-01-27,214.0,56.2872,224585.928,125881.61822784808,311437.1777721519,2.768464318213882e6,0.0011293
4050,2022-02-01,213.0,36.49,145595.1,105493.71172995782,278019.76893670886,1.8070842130394268e6,0.0011293
4051,2022-02-02,214.0,34.404,137271.96000000002,172395.67655696205,193979.50464303797,1.6289932054557637e6,0.0011293
4052,2022-02-03,216.0,34.5617,137901.18300000002,109010.59949367092,289910.7345063291,1.6826781659482124e6,0.0011293
